stream,site,site_id,taxon,total_count,count,phylum,class,order,family,genus,habit,FFG
mill_cr,abv_mineral_cr,MILaM,Ameletus,12640,16,Arthropod,Insecta,Ephemeroptera,Ameletidae,Ameletus,clinger,scraper
bear_cr,abv_mineral_cr,BEaM,Ameletus,2832,5,Arthropod,Insecta,Ephemeroptera,Ameletidae,Ameletus,clinger,scraper
sf_animas,abv_avalanche,SFAaAV,Ameletus,5384,16,Arthropod,Insecta,Ephemeroptera,Ameletidae,Ameletus,clinger,scraper
sf_animas,abv_eureka_gulch,SFAaEU,Ameletus,668,3,Arthropod,Insecta,Ephemeroptera,Ameletidae,Ameletus,clinger,scraper
eureka_gulch,abv_sf_animas,EUaSFA,Ameletus,622,1,Arthropod,Insecta,Ephemeroptera,Ameletidae,Ameletus,clinger,scraper
sf_animas,abv_animas,SFAaA,Ameletus,1437,5,Arthropod,Insecta,Ephemeroptera,Ameletidae,Ameletus,clinger,scraper
hermosa_cr,abv_ditch,HERaD,Ameletus,1768,6,Arthropod,Insecta,Ephemeroptera,Ameletidae,Ameletus,clinger,scraper
wf_animas,abv_placer_gulch,WFAaPL,Amphinemura,40,2,Arthropod,Insecta,Plecoptera,Nemouridae,Amphinemura,sprawler,shredder
hermosa_cr,abv_ditch,HERaD,Antocha,1768,35,Arthropod,Insecta,Diptera,Tipulidae,Antocha,burrower,predator
mineral_cr,abv_mill_cr,MaMIL,Arctopsyche,397,5,Arthropod,Insecta,Trichoptera,Hydropsychidae,NA,clinger,filterer
mineral_cr,abv_mf_mineral,MaMFM,Arctopsyche,120,20,Arthropod,Insecta,Trichoptera,Hydropsychidae,NA,clinger,filterer
bear_cr,abv_mineral_cr,BEaM,Arctopsyche,2832,5,Arthropod,Insecta,Trichoptera,Hydropsychidae,NA,clinger,filterer
mineral_cr,abv_animas,MaA,Arctopsyche,180,16,Arthropod,Insecta,Trichoptera,Hydropsychidae,NA,clinger,filterer
nf_animas,abv_burrow_cr,NFAaBU,Arctopsyche,1419,48,Arthropod,Insecta,Trichoptera,Hydropsychidae,NA,clinger,filterer
picayne_gulch,abv_animas,PICaA,Arctopsyche,7127,38,Arthropod,Insecta,Trichoptera,Hydropsychidae,NA,clinger,filterer
animas,abv_eureka,AaEU,Arctopsyche,260,110,Arthropod,Insecta,Trichoptera,Hydropsychidae,NA,clinger,filterer
eureka_gulch,abv_sf_animas,EUaSFA,Arctopsyche,622,5,Arthropod,Insecta,Trichoptera,Hydropsychidae,NA,clinger,filterer
sf_animas,abv_animas,SFAaA,Arctopsyche,1437,8,Arthropod,Insecta,Trichoptera,Hydropsychidae,NA,clinger,filterer
animas,abv_minnie,AaMINN,Arctopsyche,575,90,Arthropod,Insecta,Trichoptera,Hydropsychidae,NA,clinger,filterer
maggie_gulch,abv_animas,MAGaA,Arctopsyche,11952,32,Arthropod,Insecta,Trichoptera,Hydropsychidae,NA,clinger,filterer
animas,abv_cunningham,AaCU,Arctopsyche,2715,32,Arthropod,Insecta,Trichoptera,Hydropsychidae,NA,clinger,filterer
animas,abv_arrastra_cr,AaARR,Arctopsyche,2028,172,Arthropod,Insecta,Trichoptera,Hydropsychidae,NA,clinger,filterer
hermosa_cr,abv_ditch,HERaD,Arctopsyche,1768,32,Arthropod,Insecta,Trichoptera,Hydropsychidae,NA,clinger,filterer
wf_animas,abv_placer_gulch,WFAaPL,Arrenurus,40,1,Arthropod,Arachnida,Trombidiformes,Arrenuridae,Arrenurus,NA,NA
mineral_cr,abv_mill_cr,MaMIL,Baetis,397,1,Arthropod,Insecta,Ephemeroptera,Baetidae,Baetis,swimmer,collector
mill_cr,abv_mineral_cr,MILaM,Baetis,12640,128,Arthropod,Insecta,Ephemeroptera,Baetidae,Baetis,swimmer,collector
mineral_cr,abv_mf_mineral,MaMFM,Baetis,120,1,Arthropod,Insecta,Ephemeroptera,Baetidae,Baetis,swimmer,collector
sf_mineral_cr,abv_mineral_cr,SFMaM,Baetis,510,4,Arthropod,Insecta,Ephemeroptera,Baetidae,Baetis,swimmer,collector
bear_cr,abv_mineral_cr,BEaM,Baetis,2832,5,Arthropod,Insecta,Ephemeroptera,Baetidae,Baetis,swimmer,collector
picayne_gulch,abv_animas,PICaA,Baetis,7127,102,Arthropod,Insecta,Ephemeroptera,Baetidae,Baetis,swimmer,collector
sf_animas,abv_avalanche,SFAaAV,Baetis,5384,16,Arthropod,Insecta,Ephemeroptera,Baetidae,Baetis,swimmer,collector
eureka_gulch,abv_sf_animas,EUaSFA,Baetis,622,1,Arthropod,Insecta,Ephemeroptera,Baetidae,Baetis,swimmer,collector
sf_animas,abv_animas,SFAaA,Baetis,1437,11,Arthropod,Insecta,Ephemeroptera,Baetidae,Baetis,swimmer,collector
maggie_gulch,abv_animas,MAGaA,Baetis,11952,96,Arthropod,Insecta,Ephemeroptera,Baetidae,Baetis,swimmer,collector
animas,abv_cunningham,AaCU,Baetis,2715,53,Arthropod,Insecta,Ephemeroptera,Baetidae,Baetis,swimmer,collector
animas,abv_arrastra_cr,AaARR,Baetis,2028,64,Arthropod,Insecta,Ephemeroptera,Baetidae,Baetis,swimmer,collector
hermosa_cr,abv_ditch,HERaD,Baetis,1768,730,Arthropod,Insecta,Ephemeroptera,Baetidae,Baetis,swimmer,collector
mineral_cr,abv_mill_cr,MaMIL,Bezzia_palpomyia,397,24,Arthropod,Insecta,Diptera,Ceratopogonidae,Bezzia_palpomyia,sprawler,predator
mineral_cr,abv_mf_mineral,MaMFM,Bezzia_palpomyia,120,2,Arthropod,Insecta,Diptera,Ceratopogonidae,Bezzia_palpomyia,sprawler,predator
mf_mineral_cr,abv_mineral_cr,MFMaM,Bezzia_palpomyia,47,1,Arthropod,Insecta,Diptera,Ceratopogonidae,Bezzia_palpomyia,sprawler,predator
mineral_cr,abv_sf_mineral,MaSFM,Bezzia_palpomyia,90,2,Arthropod,Insecta,Diptera,Ceratopogonidae,Bezzia_palpomyia,sprawler,predator
sf_mineral_cr,abv_mineral_cr,SFMaM,Bezzia_palpomyia,510,13,Arthropod,Insecta,Diptera,Ceratopogonidae,Bezzia_palpomyia,sprawler,predator
mineral_cr,abv_animas,MaA,Bezzia_palpomyia,180,7,Arthropod,Insecta,Diptera,Ceratopogonidae,Bezzia_palpomyia,sprawler,predator
eureka_gulch,abv_sf_animas,EUaSFA,Bezzia_palpomyia,622,1,Arthropod,Insecta,Diptera,Ceratopogonidae,Bezzia_palpomyia,sprawler,predator
sf_animas,abv_animas,SFAaA,Bezzia_palpomyia,1437,5,Arthropod,Insecta,Diptera,Ceratopogonidae,Bezzia_palpomyia,sprawler,predator
animas,abv_minnie,AaMINN,Bezzia_palpomyia,575,22,Arthropod,Insecta,Diptera,Ceratopogonidae,Bezzia_palpomyia,sprawler,predator
maggie_gulch,abv_animas,MAGaA,Bezzia_palpomyia,11952,32,Arthropod,Insecta,Diptera,Ceratopogonidae,Bezzia_palpomyia,sprawler,predator
animas,abv_cunningham,AaCU,Bezzia_palpomyia,2715,123,Arthropod,Insecta,Diptera,Ceratopogonidae,Bezzia_palpomyia,sprawler,predator
animas,abv_arrastra_cr,AaARR,Bezzia_palpomyia,2028,16,Arthropod,Insecta,Diptera,Ceratopogonidae,Bezzia_palpomyia,sprawler,predator
mineral_cr,abv_mill_cr,MaMIL,Brachycentrus,397,1,Arthropod,Insecta,Trichoptera,Brachycentridae,Brachycentrus,clinger,filterer
nf_animas,abv_burrow_cr,NFAaBU,Brilla,1419,5,Arthropod,Insecta,Diptera,Chironomidae,Brilla,burrower,collector
sf_animas,abv_avalanche,SFAaAV,Brilla,5384,8,Arthropod,Insecta,Diptera,Chironomidae,Brilla,burrower,collector
sf_animas,abv_eureka_gulch,SFAaEU,Brilla,668,8,Arthropod,Insecta,Diptera,Chironomidae,Brilla,burrower,collector
sf_animas,abv_animas,SFAaA,Brilla,1437,5,Arthropod,Insecta,Diptera,Chironomidae,Brilla,burrower,collector
maggie_gulch,abv_animas,MAGaA,Brilla,11952,32,Arthropod,Insecta,Diptera,Chironomidae,Brilla,burrower,collector
mineral_cr,abv_mill_cr,MaMIL,Brillia,397,3,Arthropod,Insecta,Diptera,Chironomidae,Brillia,burrower,collector
mill_cr,abv_mineral_cr,MILaM,Brillia,12640,16,Arthropod,Insecta,Diptera,Chironomidae,Brillia,burrower,collector
mf_mineral_cr,abv_mineral_cr,MFMaM,Brillia,47,3,Arthropod,Insecta,Diptera,Chironomidae,Brillia,burrower,collector
mineral_cr,abv_sf_mineral,MaSFM,Brillia,90,6,Arthropod,Insecta,Diptera,Chironomidae,Brillia,burrower,collector
bear_cr,abv_mineral_cr,BEaM,Brillia,2832,16,Arthropod,Insecta,Diptera,Chironomidae,Brillia,burrower,collector
mineral_cr,abv_animas,MaA,Brillia,180,1,Arthropod,Insecta,Diptera,Chironomidae,Brillia,burrower,collector
mill_cr,abv_mineral_cr,MILaM,Capnia,12640,160,Arthropod,Insecta,Plecoptera,Capniidae,Capnia,sprawler,shredder
mineral_cr,abv_mf_mineral,MaMFM,Capnia,120,1,Arthropod,Insecta,Plecoptera,Capniidae,Capnia,sprawler,shredder
mf_mineral_cr,abv_mineral_cr,MFMaM,Capnia,47,1,Arthropod,Insecta,Plecoptera,Capniidae,Capnia,sprawler,shredder
sf_mineral_cr,abv_mineral_cr,SFMaM,Capnia,510,1,Arthropod,Insecta,Plecoptera,Capniidae,Capnia,sprawler,shredder
nf_animas,abv_wf_animas,NFAaWFA,Capnia,12,1,Arthropod,Insecta,Plecoptera,Capniidae,Capnia,sprawler,shredder
wf_animas,abv_placer_gulch,WFAaPL,Capnia,40,11,Arthropod,Insecta,Plecoptera,Capniidae,Capnia,sprawler,shredder
wf_animas,abv_animas,WFAaA,Capnia,12,3,Arthropod,Insecta,Plecoptera,Capniidae,Capnia,sprawler,shredder
sf_animas,abv_avalanche,SFAaAV,Capnia,5384,216,Arthropod,Insecta,Plecoptera,Capniidae,Capnia,sprawler,shredder
burrow_cr,abv_nf_animas,BUaNFA,Capniidae,1163,5,Arthropod,Insecta,Plecoptera,Capniidae,NA,sprawler,shredder
animas,abv_cunningham,AaCU,Capniidae,2715,32,Arthropod,Insecta,Plecoptera,Capniidae,NA,sprawler,shredder
animas,abv_arrastra_cr,AaARR,Capniidae,2028,52,Arthropod,Insecta,Plecoptera,Capniidae,NA,sprawler,shredder
mineral_cr,abv_mill_cr,MaMIL,Chaetocladius,397,7,Arthropod,Insecta,Diptera,Chironomidae,Chaetocladius,burrower,collector
mill_cr,abv_mineral_cr,MILaM,Chaetocladius,12640,32,Arthropod,Insecta,Diptera,Chironomidae,Chaetocladius,burrower,collector
mineral_cr,abv_mf_mineral,MaMFM,Chaetocladius,120,1,Arthropod,Insecta,Diptera,Chironomidae,Chaetocladius,burrower,collector
mf_mineral_cr,abv_mineral_cr,MFMaM,Chaetocladius,47,22,Arthropod,Insecta,Diptera,Chironomidae,Chaetocladius,burrower,collector
mineral_cr,abv_sf_mineral,MaSFM,Chaetocladius,90,51,Arthropod,Insecta,Diptera,Chironomidae,Chaetocladius,burrower,collector
sf_mineral_cr,abv_mineral_cr,SFMaM,Chaetocladius,510,6,Arthropod,Insecta,Diptera,Chironomidae,Chaetocladius,burrower,collector
mineral_cr,abv_animas,MaA,Chaetocladius,180,5,Arthropod,Insecta,Diptera,Chironomidae,Chaetocladius,burrower,collector
nf_animas,abv_burrow_cr,NFAaBU,Chaetocladius,1419,5,Arthropod,Insecta,Diptera,Chironomidae,Chaetocladius,burrower,collector
burrow_cr,abv_nf_animas,BUaNFA,Chaetocladius,1163,18,Arthropod,Insecta,Diptera,Chironomidae,Chaetocladius,burrower,collector
nf_animas,abv_wf_animas,NFAaWFA,Chaetocladius,12,1,Arthropod,Insecta,Diptera,Chironomidae,Chaetocladius,burrower,collector
wf_animas,abv_placer_gulch,WFAaPL,Chaetocladius,40,2,Arthropod,Insecta,Diptera,Chironomidae,Chaetocladius,burrower,collector
wf_animas,abv_animas,WFAaA,Chaetocladius,12,2,Arthropod,Insecta,Diptera,Chironomidae,Chaetocladius,burrower,collector
sf_animas,abv_eureka_gulch,SFAaEU,Chaetocladius,668,4,Arthropod,Insecta,Diptera,Chironomidae,Chaetocladius,burrower,collector
eureka_gulch,abv_sf_animas,EUaSFA,Chaetocladius,622,6,Arthropod,Insecta,Diptera,Chironomidae,Chaetocladius,burrower,collector
sf_animas,abv_animas,SFAaA,Chaetocladius,1437,5,Arthropod,Insecta,Diptera,Chironomidae,Chaetocladius,burrower,collector
animas,abv_minnie,AaMINN,Chaetocladius,575,3,Arthropod,Insecta,Diptera,Chironomidae,Chaetocladius,burrower,collector
sf_mineral_cr,abv_mineral_cr,SFMaM,Chelifera,510,4,Arthropod,Insecta,Diptera,Empididae,Chelifera,burrower,collector
sf_animas,abv_eureka_gulch,SFAaEU,Chelifera,668,1,Arthropod,Insecta,Diptera,Empididae,Chelifera,burrower,collector
animas,abv_minnie,AaMINN,Chelifera,575,1,Arthropod,Insecta,Diptera,Empididae,Chelifera,burrower,collector
hermosa_cr,abv_ditch,HERaD,Chelifera,1768,16,Arthropod,Insecta,Diptera,Empididae,Chelifera,burrower,collector
mill_cr,abv_mineral_cr,MILaM,Cinygmula,12640,1920,Arthropod,Insecta,Ephemeroptera,Heptageniidae,Cinygmula,clinger,scraper
bear_cr,abv_mineral_cr,BEaM,Cinygmula,2832,85,Arthropod,Insecta,Ephemeroptera,Heptageniidae,Cinygmula,clinger,scraper
nf_animas,abv_burrow_cr,NFAaBU,Cinygmula,1419,123,Arthropod,Insecta,Ephemeroptera,Heptageniidae,Cinygmula,clinger,scraper
picayne_gulch,abv_animas,PICaA,Cinygmula,7127,307,Arthropod,Insecta,Ephemeroptera,Heptageniidae,Cinygmula,clinger,scraper
mineral_cr,abv_mf_mineral,MaMFM,Clinocera,120,1,Arthropod,Insecta,Diptera,Empididae,Clinocera,sprawler,predator
bear_cr,abv_mineral_cr,BEaM,Clinocera,2832,21,Arthropod,Insecta,Diptera,Empididae,Clinocera,sprawler,predator
nf_animas,abv_burrow_cr,NFAaBU,Clinocera,1419,3,Arthropod,Insecta,Diptera,Empididae,Clinocera,sprawler,predator
burrow_cr,abv_nf_animas,BUaNFA,Clinocera,1163,85,Arthropod,Insecta,Diptera,Empididae,Clinocera,sprawler,predator
wf_animas,abv_placer_gulch,WFAaPL,Clinocera,40,2,Arthropod,Insecta,Diptera,Empididae,Clinocera,sprawler,predator
wf_animas,abv_animas,WFAaA,Clinocera,12,2,Arthropod,Insecta,Diptera,Empididae,Clinocera,sprawler,predator
mineral_cr,abv_mill_cr,MaMIL,Cricotopus_orthocladius,397,4,Arthropod,Insecta,Diptera,Chironomidae,Cricotopus,burrower,collector
mill_cr,abv_mineral_cr,MILaM,Cricotopus_orthocladius,12640,208,Arthropod,Insecta,Diptera,Chironomidae,Cricotopus,burrower,collector
mineral_cr,abv_mf_mineral,MaMFM,Cricotopus_orthocladius,120,2,Arthropod,Insecta,Diptera,Chironomidae,Cricotopus,burrower,collector
mf_mineral_cr,abv_mineral_cr,MFMaM,Cricotopus_orthocladius,47,1,Arthropod,Insecta,Diptera,Chironomidae,Cricotopus,burrower,collector
mineral_cr,abv_sf_mineral,MaSFM,Cricotopus_orthocladius,90,1,Arthropod,Insecta,Diptera,Chironomidae,Cricotopus,burrower,collector
sf_mineral_cr,abv_mineral_cr,SFMaM,Cricotopus_orthocladius,510,121,Arthropod,Insecta,Diptera,Chironomidae,Cricotopus,burrower,collector
mineral_cr,abv_animas,MaA,Cricotopus_orthocladius,180,1,Arthropod,Insecta,Diptera,Chironomidae,Cricotopus,burrower,collector
nf_animas,abv_burrow_cr,NFAaBU,Cricotopus_orthocladius,1419,40,Arthropod,Insecta,Diptera,Chironomidae,Cricotopus,burrower,collector
picayne_gulch,abv_animas,PICaA,Cricotopus_orthocladius,7127,26,Arthropod,Insecta,Diptera,Chironomidae,Cricotopus,burrower,collector
animas,abv_eureka,AaEU,Cricotopus_orthocladius,260,3,Arthropod,Insecta,Diptera,Chironomidae,Cricotopus,burrower,collector
sf_animas,abv_avalanche,SFAaAV,Cricotopus_orthocladius,5384,24,Arthropod,Insecta,Diptera,Chironomidae,Cricotopus,burrower,collector
sf_animas,abv_eureka_gulch,SFAaEU,Cricotopus_orthocladius,668,12,Arthropod,Insecta,Diptera,Chironomidae,Cricotopus,burrower,collector
eureka_gulch,abv_sf_animas,EUaSFA,Cricotopus_orthocladius,622,115,Arthropod,Insecta,Diptera,Chironomidae,Cricotopus,burrower,collector
sf_animas,abv_animas,SFAaA,Cricotopus_orthocladius,1437,64,Arthropod,Insecta,Diptera,Chironomidae,Cricotopus,burrower,collector
animas,abv_minnie,AaMINN,Cricotopus_orthocladius,575,126,Arthropod,Insecta,Diptera,Chironomidae,Cricotopus,burrower,collector
animas,abv_cunningham,AaCU,Cricotopus_orthocladius,2715,416,Arthropod,Insecta,Diptera,Chironomidae,Cricotopus,burrower,collector
animas,abv_arrastra_cr,AaARR,Cricotopus_orthocladius,2028,316,Arthropod,Insecta,Diptera,Chironomidae,Cricotopus,burrower,collector
hermosa_cr,abv_ditch,HERaD,Cricotopus_orthocladius,1768,6,Arthropod,Insecta,Diptera,Chironomidae,Cricotopus,burrower,collector
mineral_cr,abv_mill_cr,MaMIL,Diamesa,397,3,Arthropod,Insecta,Diptera,Chironomidae,Diamesa,burrower,collector
sf_mineral_cr,abv_mineral_cr,SFMaM,Diamesa,510,10,Arthropod,Insecta,Diptera,Chironomidae,Diamesa,burrower,collector
nf_animas,abv_burrow_cr,NFAaBU,Diamesa,1419,24,Arthropod,Insecta,Diptera,Chironomidae,Diamesa,burrower,collector
picayne_gulch,abv_animas,PICaA,Diamesa,7127,13,Arthropod,Insecta,Diptera,Chironomidae,Diamesa,burrower,collector
sf_animas,abv_avalanche,SFAaAV,Diamesa,5384,272,Arthropod,Insecta,Diptera,Chironomidae,Diamesa,burrower,collector
eureka_gulch,abv_sf_animas,EUaSFA,Diamesa,622,22,Arthropod,Insecta,Diptera,Chironomidae,Diamesa,burrower,collector
sf_animas,abv_animas,SFAaA,Diamesa,1437,5,Arthropod,Insecta,Diptera,Chironomidae,Diamesa,burrower,collector
mill_cr,abv_mineral_cr,MILaM,Dicosmoecus,12640,272,Arthropod,Insecta,Trichoptera,Limnephilidae,Dicosmoecus,clinger,collector
mineral_cr,abv_sf_mineral,MaSFM,Dicranota,90,1,Arthropod,Insecta,Diptera,Chironomidae,Dicranota,burrower,collector
bear_cr,abv_mineral_cr,BEaM,Dicranota,2832,16,Arthropod,Insecta,Diptera,Chironomidae,Dicranota,burrower,collector
mill_cr,abv_mineral_cr,MILaM,Drunella_doddsii,12640,4272,Arthropod,Insecta,Ephemeroptera,Ephemerellidae,Drunella,clinger,scraper
sf_mineral_cr,abv_mineral_cr,SFMaM,Drunella_doddsii,510,4,Arthropod,Insecta,Ephemeroptera,Ephemerellidae,Drunella,clinger,scraper
bear_cr,abv_mineral_cr,BEaM,Drunella_doddsii,2832,149,Arthropod,Insecta,Ephemeroptera,Ephemerellidae,Drunella,clinger,scraper
nf_animas,abv_burrow_cr,NFAaBU,Drunella_doddsii,1419,11,Arthropod,Insecta,Ephemeroptera,Ephemerellidae,Drunella,clinger,scraper
picayne_gulch,abv_animas,PICaA,Drunella_doddsii,7127,13,Arthropod,Insecta,Ephemeroptera,Ephemerellidae,Drunella,clinger,scraper
sf_animas,abv_avalanche,SFAaAV,Drunella_doddsii,5384,504,Arthropod,Insecta,Ephemeroptera,Ephemerellidae,Drunella,clinger,scraper
sf_animas,abv_animas,SFAaA,Drunella_doddsii,1437,3,Arthropod,Insecta,Ephemeroptera,Ephemerellidae,Drunella,clinger,scraper
maggie_gulch,abv_animas,MAGaA,Drunella_doddsii,11952,672,Arthropod,Insecta,Ephemeroptera,Ephemerellidae,Drunella,clinger,scraper
animas,abv_cunningham,AaCU,Drunella_doddsii,2715,411,Arthropod,Insecta,Ephemeroptera,Ephemerellidae,Drunella,clinger,scraper
animas,abv_arrastra_cr,AaARR,Drunella_doddsii,2028,208,Arthropod,Insecta,Ephemeroptera,Ephemerellidae,Drunella,clinger,scraper
hermosa_cr,abv_ditch,HERaD,Drunella_grandis,1768,25,Arthropod,Insecta,Ephemeroptera,Ephemerellidae,Drunella,clinger,scraper
wf_animas,abv_placer_gulch,WFAaPL,Dytiscidae,40,1,Arthropod,Insecta,Coleoptera,Dytiscidae,NA,swimmer,predator
nf_animas,abv_burrow_cr,NFAaBU,Ecclisomyia,1419,13,Arthropod,Insecta,Trichoptera,Limnephilidae,Ecclisomyia,clinger,collector
wf_animas,abv_placer_gulch,WFAaPL,Ecclisomyia,40,2,Arthropod,Insecta,Trichoptera,Limnephilidae,Ecclisomyia,clinger,collector
sf_animas,abv_avalanche,SFAaAV,Ecclisomyia,5384,24,Arthropod,Insecta,Trichoptera,Limnephilidae,Ecclisomyia,clinger,collector
eureka_gulch,abv_sf_animas,EUaSFA,Ecclisomyia,622,2,Arthropod,Insecta,Trichoptera,Limnephilidae,Ecclisomyia,clinger,collector
sf_mineral_cr,abv_mineral_cr,SFMaM,Epeorus,510,2,Arthropod,Insecta,Ephemeroptera,Heptageniidae,Epeorus,clinger,scraper
animas,abv_cunningham,AaCU,Epeorus,2715,11,Arthropod,Insecta,Ephemeroptera,Heptageniidae,Epeorus,clinger,scraper
mill_cr,abv_mineral_cr,MILaM,Ephemerellidae,12640,496,Arthropod,Insecta,Ephemeroptera,Ephemerellidae,NA,clinger,scraper
bear_cr,abv_mineral_cr,BEaM,Ephemerellidae,2832,11,Arthropod,Insecta,Ephemeroptera,Ephemerellidae,NA,clinger,scraper
nf_animas,abv_burrow_cr,NFAaBU,Ephemerellidae,1419,3,Arthropod,Insecta,Ephemeroptera,Ephemerellidae,NA,clinger,scraper
picayne_gulch,abv_animas,PICaA,Ephemerellidae,7127,345,Arthropod,Insecta,Ephemeroptera,Ephemerellidae,NA,clinger,scraper
maggie_gulch,abv_animas,MAGaA,Ephemerellidae,11952,112,Arthropod,Insecta,Ephemeroptera,Ephemerellidae,NA,clinger,scraper
animas,abv_cunningham,AaCU,Ephemerellidae,2715,32,Arthropod,Insecta,Ephemeroptera,Ephemerellidae,NA,clinger,scraper
animas,abv_cunningham,AaCU,Eukiefferiella,2715,5,Arthropod,Insecta,Diptera,Chironomidae,Eukiefferella,burrower,collector
bear_cr,abv_mineral_cr,BEaM,Eukiefferiella_brehmi,2832,11,Arthropod,Insecta,Diptera,Chironomidae,Eukiefferella,burrower,collector
burrow_cr,abv_nf_animas,BUaNFA,Eukiefferiella_brehmi,1163,834,Arthropod,Insecta,Diptera,Chironomidae,Eukiefferella,burrower,collector
picayne_gulch,abv_animas,PICaA,Eukiefferiella_brehmi,7127,90,Arthropod,Insecta,Diptera,Chironomidae,Eukiefferella,burrower,collector
sf_animas,abv_avalanche,SFAaAV,Eukiefferiella_brehmi,5384,112,Arthropod,Insecta,Diptera,Chironomidae,Eukiefferella,burrower,collector
eureka_gulch,abv_sf_animas,EUaSFA,Eukiefferiella_brehmi,622,1,Arthropod,Insecta,Diptera,Chironomidae,Eukiefferella,burrower,collector
mineral_cr,abv_mill_cr,MaMIL,Eukiefferiella_claripennis,397,7,Arthropod,Insecta,Diptera,Chironomidae,Eukiefferella,burrower,collector
mill_cr,abv_mineral_cr,MILaM,Eukiefferiella_claripennis,12640,16,Arthropod,Insecta,Diptera,Chironomidae,Eukiefferella,burrower,collector
mf_mineral_cr,abv_mineral_cr,MFMaM,Eukiefferiella_claripennis,47,1,Arthropod,Insecta,Diptera,Chironomidae,Eukiefferella,burrower,collector
sf_mineral_cr,abv_mineral_cr,SFMaM,Eukiefferiella_claripennis,510,8,Arthropod,Insecta,Diptera,Chironomidae,Eukiefferella,burrower,collector
mineral_cr,abv_animas,MaA,Eukiefferiella_claripennis,180,4,Arthropod,Insecta,Diptera,Chironomidae,Eukiefferella,burrower,collector
burrow_cr,abv_nf_animas,BUaNFA,Eukiefferiella_claripennis,1163,43,Arthropod,Insecta,Diptera,Chironomidae,Eukiefferella,burrower,collector
sf_animas,abv_eureka_gulch,SFAaEU,Eukiefferiella_claripennis,668,45,Arthropod,Insecta,Diptera,Chironomidae,Eukiefferella,burrower,collector
sf_animas,abv_animas,SFAaA,Eukiefferiella_claripennis,1437,8,Arthropod,Insecta,Diptera,Chironomidae,Eukiefferella,burrower,collector
picayne_gulch,abv_animas,PICaA,Eukiefferiella_devonica,7127,38,Arthropod,Insecta,Diptera,Chironomidae,Eukiefferella,burrower,collector
bear_cr,abv_mineral_cr,BEaM,Eukiefferiella_gracei,2832,21,Arthropod,Insecta,Diptera,Chironomidae,Eukiefferella,burrower,collector
nf_animas,abv_burrow_cr,NFAaBU,Eukiefferiella_gracei,1419,16,Arthropod,Insecta,Diptera,Chironomidae,Eukiefferella,burrower,collector
maggie_gulch,abv_animas,MAGaA,Eukiefferiella_gracei,11952,32,Arthropod,Insecta,Diptera,Chironomidae,Eukiefferella,burrower,collector
animas,abv_arrastra_cr,AaARR,Eukiefferiella_gracei,2028,8,Arthropod,Insecta,Diptera,Chironomidae,Eukiefferella,burrower,collector
hermosa_cr,abv_ditch,HERaD,Eukiefferiella_gracei,1768,35,Arthropod,Insecta,Diptera,Chironomidae,Eukiefferella,burrower,collector
nf_animas,abv_burrow_cr,NFAaBU,Feltria,1419,3,Arthropod,Arachnida,Trombidiformes,Feltriidae,Feltria,NA,NA
sf_animas,abv_avalanche,SFAaAV,Feltria,5384,8,Arthropod,Arachnida,Trombidiformes,Feltriidae,Feltria,NA,NA
animas,abv_minnie,AaMINN,Feltria,575,2,Arthropod,Arachnida,Trombidiformes,Feltriidae,Feltria,NA,NA
hermosa_cr,abv_ditch,HERaD,Hesperoperla,1768,22,Arthropod,Insecta,Plecoptera,Perlidae,Hesperoperla,clinger,predator
burrow_cr,abv_nf_animas,BUaNFA,Hesperophylax,1163,27,Arthropod,Insecta,Trichoptera,Limnephilidae,Hesperophylax,clinger,collector
nf_animas,abv_burrow_cr,NFAaBU,Heterlimnius,1419,21,Arthropod,Insecta,Coleoptera,Elmidae,Heterlimnius,clinger,collector
nf_animas,abv_wf_animas,NFAaWFA,Heterlimnius,12,1,Arthropod,Insecta,Coleoptera,Elmidae,Heterlimnius,clinger,collector
animas,abv_cunningham,AaCU,Heterotrissocladius_marcidus,2715,5,Arthropod,Insecta,Diptera,Chironomidae,Heterotrissocladius_marcidus,burrower,collector
sf_animas,abv_eureka_gulch,SFAaEU,Hexatoma,668,1,Arthropod,Insecta,Diptera,Tipulidae,Hexatoma,burrower,predator
mineral_cr,abv_mf_mineral,MaMFM,Hydracarina,120,1,Arthropod,Arachnida,Trombidiformes,NA,NA,NA,NA
animas,abv_cunningham,AaCU,Hydrobaenus,2715,5,Arthropod,Insecta,Diptera,Chironomidae,Hydrobaenus,burrower,collector
mineral_cr,abv_sf_mineral,MaSFM,Hydrophilidae,90,2,Arthropod,Insecta,Coleoptera,Hydrophilidae,NA,climber,predator
eureka_gulch,abv_sf_animas,EUaSFA,Hydrophilidae,622,1,Arthropod,Insecta,Coleoptera,Hydrophilidae,NA,climber,predator
hermosa_cr,abv_ditch,HERaD,Hydropsyche,1768,422,Arthropod,Insecta,Trichoptera,Hydropsychidae,NA,clinger,filterer
sf_mineral_cr,abv_mineral_cr,SFMaM,Isoperla,510,2,Arthropod,Insecta,Plecoptera,Perlodidae,Isoperla,clinger,predator
bear_cr,abv_mineral_cr,BEaM,Isoperla,2832,21,Arthropod,Insecta,Plecoptera,Perlodidae,Isoperla,clinger,predator
nf_animas,abv_burrow_cr,NFAaBU,Isoperla,1419,13,Arthropod,Insecta,Plecoptera,Perlodidae,Isoperla,clinger,predator
picayne_gulch,abv_animas,PICaA,Isoperla,7127,90,Arthropod,Insecta,Plecoptera,Perlodidae,Isoperla,clinger,predator
eureka_gulch,abv_sf_animas,EUaSFA,Isoperla,622,1,Arthropod,Insecta,Plecoptera,Perlodidae,Isoperla,clinger,predator
animas,abv_minnie,AaMINN,Isoperla,575,5,Arthropod,Insecta,Plecoptera,Perlodidae,Isoperla,clinger,predator
maggie_gulch,abv_animas,MAGaA,Isoperla,11952,32,Arthropod,Insecta,Plecoptera,Perlodidae,Isoperla,clinger,predator
animas,abv_cunningham,AaCU,Isoperla,2715,11,Arthropod,Insecta,Plecoptera,Perlodidae,Isoperla,clinger,predator
animas,abv_arrastra_cr,AaARR,Isoperla,2028,4,Arthropod,Insecta,Plecoptera,Perlodidae,Isoperla,clinger,predator
hermosa_cr,abv_ditch,HERaD,Isoperla,1768,19,Arthropod,Insecta,Plecoptera,Perlodidae,Isoperla,clinger,predator
nf_animas,abv_burrow_cr,NFAaBU,Krenosmittia,1419,3,Arthropod,Insecta,Diptera,Chironomidae,Krenosmittia,burrower,collector
mineral_cr,abv_mill_cr,MaMIL,Lebertia,397,8,Arthropod,Arachnida,Trombidiformes,Lebertiidae,Lebertia,NA,NA
mill_cr,abv_mineral_cr,MILaM,Lebertia,12640,80,Arthropod,Arachnida,Trombidiformes,Lebertiidae,Lebertia,NA,NA
mineral_cr,abv_mf_mineral,MaMFM,Lebertia,120,3,Arthropod,Arachnida,Trombidiformes,Lebertiidae,Lebertia,NA,NA
nf_animas,abv_burrow_cr,NFAaBU,Lebertia,1419,5,Arthropod,Arachnida,Trombidiformes,Lebertiidae,Lebertia,NA,NA
sf_animas,abv_avalanche,SFAaAV,Lebertia,5384,8,Arthropod,Arachnida,Trombidiformes,Lebertiidae,Lebertia,NA,NA
eureka_gulch,abv_sf_animas,EUaSFA,Lebertia,622,7,Arthropod,Arachnida,Trombidiformes,Lebertiidae,Lebertia,NA,NA
sf_animas,abv_animas,SFAaA,Lebertia,1437,8,Arthropod,Arachnida,Trombidiformes,Lebertiidae,Lebertia,NA,NA
animas,abv_minnie,AaMINN,Lebertia,575,9,Arthropod,Arachnida,Trombidiformes,Lebertiidae,Lebertia,NA,NA
animas,abv_cunningham,AaCU,Lebertia,2715,32,Arthropod,Arachnida,Trombidiformes,Lebertiidae,Lebertia,NA,NA
animas,abv_arrastra_cr,AaARR,Lebertia,2028,44,Arthropod,Arachnida,Trombidiformes,Lebertiidae,Lebertia,NA,NA
hermosa_cr,abv_ditch,HERaD,Lebertia,1768,6,Arthropod,Arachnida,Trombidiformes,Lebertiidae,Lebertia,NA,NA
hermosa_cr,abv_ditch,HERaD,Lepidostoma,1768,3,Arthropod,Insecta,Trichoptera,Lepidostomatidae,Lepidostoma,clinger,shredder
mineral_cr,abv_mill_cr,MaMIL,Limnephilidae,397,5,Arthropod,Insecta,Trichoptera,Limnephilidae,NA,clinger,collector
bear_cr,abv_mineral_cr,BEaM,Limnephilidae,2832,5,Arthropod,Insecta,Trichoptera,Limnephilidae,NA,clinger,collector
animas,abv_minnie,AaMINN,Limnephilidae,575,1,Arthropod,Insecta,Trichoptera,Limnephilidae,NA,clinger,collector
mineral_cr,abv_mill_cr,MaMIL,Megarcys,397,9,Arthropod,Insecta,Plecoptera,Perlodidae,Megarcys,clinger,predator
mill_cr,abv_mineral_cr,MILaM,Megarcys,12640,304,Arthropod,Insecta,Plecoptera,Perlodidae,Megarcys,clinger,predator
sf_mineral_cr,abv_mineral_cr,SFMaM,Megarcys,510,1,Arthropod,Insecta,Plecoptera,Perlodidae,Megarcys,clinger,predator
bear_cr,abv_mineral_cr,BEaM,Megarcys,2832,48,Arthropod,Insecta,Plecoptera,Perlodidae,Megarcys,clinger,predator
nf_animas,abv_burrow_cr,NFAaBU,Megarcys,1419,27,Arthropod,Insecta,Plecoptera,Perlodidae,Megarcys,clinger,predator
nf_animas,abv_wf_animas,NFAaWFA,Megarcys,12,1,Arthropod,Insecta,Plecoptera,Perlodidae,Megarcys,clinger,predator
picayne_gulch,abv_animas,PICaA,Megarcys,7127,128,Arthropod,Insecta,Plecoptera,Perlodidae,Megarcys,clinger,predator
animas,abv_eureka,AaEU,Megarcys,260,1,Arthropod,Insecta,Plecoptera,Perlodidae,Megarcys,clinger,predator
sf_animas,abv_avalanche,SFAaAV,Megarcys,5384,120,Arthropod,Insecta,Plecoptera,Perlodidae,Megarcys,clinger,predator
eureka_gulch,abv_sf_animas,EUaSFA,Megarcys,622,17,Arthropod,Insecta,Plecoptera,Perlodidae,Megarcys,clinger,predator
sf_animas,abv_animas,SFAaA,Megarcys,1437,3,Arthropod,Insecta,Plecoptera,Perlodidae,Megarcys,clinger,predator
animas,abv_minnie,AaMINN,Megarcys,575,16,Arthropod,Insecta,Plecoptera,Perlodidae,Megarcys,clinger,predator
maggie_gulch,abv_animas,MAGaA,Megarcys,11952,32,Arthropod,Insecta,Plecoptera,Perlodidae,Megarcys,clinger,predator
animas,abv_cunningham,AaCU,Megarcys,2715,11,Arthropod,Insecta,Plecoptera,Perlodidae,Megarcys,clinger,predator
bear_cr,abv_mineral_cr,BEaM,Microspectra,2832,469,Arthropod,Insecta,Diptera,Chironomidae,Microspectra,burrower,collector
wf_animas,abv_placer_gulch,WFAaPL,Microspectra,40,1,Arthropod,Insecta,Diptera,Chironomidae,Microspectra,burrower,collector
maggie_gulch,abv_animas,MAGaA,Microspectra,11952,80,Arthropod,Insecta,Diptera,Chironomidae,Microspectra,burrower,collector
animas,abv_cunningham,AaCU,Microspectra,2715,5,Arthropod,Insecta,Diptera,Chironomidae,Microspectra,burrower,collector
animas,abv_arrastra_cr,AaARR,Microspectra,2028,4,Arthropod,Insecta,Diptera,Chironomidae,Microspectra,burrower,collector
mineral_cr,abv_sf_mineral,MaSFM,Mucronothrus,90,1,Arthropod,Arachnida,Sarcoptiformes,Trhypochthoniidae,Mucronothrus,NA,NA
animas,abv_minnie,AaMINN,Nanocladius_parvulus,575,2,Arthropod,Insecta,Diptera,Chironomidae,Nanocladius_parvulus,burrower,collector
bear_cr,abv_mineral_cr,BEaM,Neophylax,2832,64,Arthropod,Insecta,Trichoptera,Uenoidae,Neophylax,clinger,scraper
nf_animas,abv_burrow_cr,NFAaBU,Neophylax,1419,21,Arthropod,Insecta,Trichoptera,Uenoidae,Neophylax,clinger,scraper
picayne_gulch,abv_animas,PICaA,Neophylax,7127,13,Arthropod,Insecta,Trichoptera,Uenoidae,Neophylax,clinger,scraper
sf_animas,abv_avalanche,SFAaAV,Neophylax,5384,104,Arthropod,Insecta,Trichoptera,Uenoidae,Neophylax,clinger,scraper
maggie_gulch,abv_animas,MAGaA,Neophylax,11952,112,Arthropod,Insecta,Trichoptera,Uenoidae,Neophylax,clinger,scraper
animas,abv_cunningham,AaCU,Neophylax,2715,16,Arthropod,Insecta,Trichoptera,Uenoidae,Neophylax,clinger,scraper
mineral_cr,abv_mill_cr,MaMIL,Neoplasta,397,3,Arthropod,Insecta,Diptera,Empididae,Neoplasta,sprawler,predator
mf_mineral_cr,abv_mineral_cr,MFMaM,Neoplasta,47,2,Arthropod,Insecta,Diptera,Empididae,Neoplasta,sprawler,predator
hermosa_cr,abv_ditch,HERaD,Oecetis,1768,3,Arthropod,Insecta,Trichoptera,Leptoceridae,Oecetis,climber,predator
mineral_cr,abv_mill_cr,MaMIL,Oligochaeta,397,1,Annelida,Oligochaeta,NA,NA,NA,burrower,collector
mill_cr,abv_mineral_cr,MILaM,Oligochaeta,12640,16,Annelida,Oligochaeta,NA,NA,NA,burrower,collector
bear_cr,abv_mineral_cr,BEaM,Oligochaeta,2832,11,Annelida,Oligochaeta,NA,NA,NA,burrower,collector
nf_animas,abv_burrow_cr,NFAaBU,Oligochaeta,1419,8,Annelida,Oligochaeta,NA,NA,NA,burrower,collector
burrow_cr,abv_nf_animas,BUaNFA,Oligochaeta,1163,2,Annelida,Oligochaeta,NA,NA,NA,burrower,collector
nf_animas,abv_wf_animas,NFAaWFA,Oligochaeta,12,1,Annelida,Oligochaeta,NA,NA,NA,burrower,collector
wf_animas,abv_placer_gulch,WFAaPL,Oligochaeta,40,2,Annelida,Oligochaeta,NA,NA,NA,burrower,collector
picayne_gulch,abv_animas,PICaA,Oligochaeta,7127,13,Annelida,Oligochaeta,NA,NA,NA,burrower,collector
sf_animas,abv_avalanche,SFAaAV,Oligochaeta,5384,8,Annelida,Oligochaeta,NA,NA,NA,burrower,collector
eureka_gulch,abv_sf_animas,EUaSFA,Oligochaeta,622,1,Annelida,Oligochaeta,NA,NA,NA,burrower,collector
maggie_gulch,abv_animas,MAGaA,Oligochaeta,11952,16,Annelida,Oligochaeta,NA,NA,NA,burrower,collector
hermosa_cr,abv_ditch,HERaD,Oligochaeta,1768,48,Annelida,Oligochaeta,NA,NA,NA,burrower,collector
hermosa_cr,abv_ditch,HERaD,Optioservus,1768,22,Arthropod,Insecta,Coleoptera,Elmidae,Optioservus,clinger,collector
mineral_cr,abv_mill_cr,MaMIL,Oreogeton,397,11,Arthropod,Insecta,Diptera,Empididae,Oreogeton,sprawler,predator
mill_cr,abv_mineral_cr,MILaM,Oreogeton,12640,16,Arthropod,Insecta,Diptera,Empididae,Oreogeton,sprawler,predator
maggie_gulch,abv_animas,MAGaA,Oreogeton,11952,64,Arthropod,Insecta,Diptera,Empididae,Oreogeton,sprawler,predator
mf_mineral_cr,abv_mineral_cr,MFMaM,Ormosia,47,1,Arthropod,Insecta,Diptera,Tipulidae,Ormosia,burrower,predator
mineral_cr,abv_sf_mineral,MaSFM,Ormosia,90,1,Arthropod,Insecta,Diptera,Tipulidae,Ormosia,burrower,predator
mill_cr,abv_mineral_cr,MILaM,Ostracoda,12640,80,Arthropod,Ostracoda,NA,NA,NA,NA,NA
sf_mineral_cr,abv_mineral_cr,SFMaM,Ostracoda,510,16,Arthropod,Ostracoda,NA,NA,NA,NA,NA
bear_cr,abv_mineral_cr,BEaM,Ostracoda,2832,80,Arthropod,Ostracoda,NA,NA,NA,NA,NA
nf_animas,abv_burrow_cr,NFAaBU,Ostracoda,1419,3,Arthropod,Ostracoda,NA,NA,NA,NA,NA
wf_animas,abv_placer_gulch,WFAaPL,Ostracoda,40,9,Arthropod,Ostracoda,NA,NA,NA,NA,NA
picayne_gulch,abv_animas,PICaA,Ostracoda,7127,64,Arthropod,Ostracoda,NA,NA,NA,NA,NA
sf_animas,abv_avalanche,SFAaAV,Ostracoda,5384,144,Arthropod,Ostracoda,NA,NA,NA,NA,NA
eureka_gulch,abv_sf_animas,EUaSFA,Ostracoda,622,2,Arthropod,Ostracoda,NA,NA,NA,NA,NA
maggie_gulch,abv_animas,MAGaA,Ostracoda,11952,48,Arthropod,Ostracoda,NA,NA,NA,NA,NA
animas,abv_cunningham,AaCU,Ostracoda,2715,16,Arthropod,Ostracoda,NA,NA,NA,NA,NA
picayne_gulch,abv_animas,PICaA,Pagastia,7127,13,Arthropod,Insecta,Diptera,Chironomidae,Pagastia,burrower,collector
eureka_gulch,abv_sf_animas,EUaSFA,Pagastia,622,1,Arthropod,Insecta,Diptera,Chironomidae,Pagastia,burrower,collector
animas,abv_minnie,AaMINN,Pagastia,575,5,Arthropod,Insecta,Diptera,Chironomidae,Pagastia,burrower,collector
animas,abv_cunningham,AaCU,Pagastia,2715,11,Arthropod,Insecta,Diptera,Chironomidae,Pagastia,burrower,collector
hermosa_cr,abv_ditch,HERaD,Pagastia,1768,3,Arthropod,Insecta,Diptera,Chironomidae,Pagastia,burrower,collector
hermosa_cr,abv_ditch,HERaD,Paraleptophlebia,1768,48,Arthropod,Insecta,Ephemeroptera,Leptophlebiidae,Paraleptophlebia,swimmer,collector
picayne_gulch,abv_animas,PICaA,Paraleuctra,7127,90,Arthropod,Insecta,Plecoptera,Leuctridae,Paraleuctra,sprawler,shredder
sf_animas,abv_avalanche,SFAaAV,Paraleuctra,5384,16,Arthropod,Insecta,Plecoptera,Leuctridae,Paraleuctra,sprawler,shredder
sf_animas,abv_avalanche,SFAaAV,Parametriocnemus,5384,16,Arthropod,Insecta,Diptera,Chironomidae,Parametriocnemus,burrower,collector
maggie_gulch,abv_animas,MAGaA,Parametriocnemus,11952,16,Arthropod,Insecta,Diptera,Chironomidae,Parametriocnemus,burrower,collector
animas,abv_arrastra_cr,AaARR,Parametriocnemus,2028,4,Arthropod,Insecta,Diptera,Chironomidae,Parametriocnemus,burrower,collector
hermosa_cr,abv_ditch,HERaD,Parametriocnemus,1768,6,Arthropod,Insecta,Diptera,Chironomidae,Parametriocnemus,burrower,collector
burrow_cr,abv_nf_animas,BUaNFA,Parochlus,1163,5,Arthropod,Insecta,Diptera,Chironomidae,Parochlus,burrower,collector
bear_cr,abv_mineral_cr,BEaM,Pericoma,2832,5,Arthropod,Insecta,Diptera,Psychodidae,Pericoma,burrower,collector
nf_animas,abv_burrow_cr,NFAaBU,Pericoma,1419,11,Arthropod,Insecta,Diptera,Psychodidae,Pericoma,burrower,collector
maggie_gulch,abv_animas,MAGaA,Pericoma,11952,1296,Arthropod,Insecta,Diptera,Psychodidae,Pericoma,burrower,collector
animas,abv_arrastra_cr,AaARR,Pericoma,2028,4,Arthropod,Insecta,Diptera,Psychodidae,Pericoma,burrower,collector
hermosa_cr,abv_ditch,HERaD,Pericoma,1768,6,Arthropod,Insecta,Diptera,Psychodidae,Pericoma,burrower,collector
sf_animas,abv_avalanche,SFAaAV,Perlinodes_aurea,5384,16,Arthropod,Insecta,Plecoptera,Perlodidae,Perlinodes,clinger,predator
sf_mineral_cr,abv_mineral_cr,SFMaM,Podmosta,510,24,Arthropod,Insecta,Plecoptera,Nemouridae,Podmosta,sprawler,shredder
eureka_gulch,abv_sf_animas,EUaSFA,Prosimulium,622,3,Arthropod,Insecta,Diptera,Simuliidae,Prosimulium,clinger,filterer
hermosa_cr,abv_ditch,HERaD,Prosimulium,1768,35,Arthropod,Insecta,Diptera,Simuliidae,Prosimulium,clinger,filterer
sf_animas,abv_avalanche,SFAaAV,Protiza,5384,8,Arthropod,Arachnida,Trombidiformes,Hydryphantoidea,Protiza,NA,NA
sf_animas,abv_eureka_gulch,SFAaEU,Protiza,668,1,Arthropod,Arachnida,Trombidiformes,Hydryphantoidea,Protiza,NA,NA
mf_mineral_cr,abv_mineral_cr,MFMaM,Pseudodiamesa,47,2,Arthropod,Insecta,Diptera,Chironomidae,Pseudodiamesa,burrower,collector
mill_cr,abv_mineral_cr,MILaM,Psychoglypha,12640,560,Arthropod,Insecta,Trichoptera,Limnephilidae,Psychoglypha,clinger,collector
mineral_cr,abv_mf_mineral,MaMFM,Psychoglypha,120,1,Arthropod,Insecta,Trichoptera,Limnephilidae,Psychoglypha,clinger,collector
mf_mineral_cr,abv_mineral_cr,MFMaM,Psychoglypha,47,3,Arthropod,Insecta,Trichoptera,Limnephilidae,Psychoglypha,clinger,collector
mineral_cr,abv_sf_mineral,MaSFM,Psychoglypha,90,1,Arthropod,Insecta,Trichoptera,Limnephilidae,Psychoglypha,clinger,collector
mineral_cr,abv_animas,MaA,Psychoglypha,180,1,Arthropod,Insecta,Trichoptera,Limnephilidae,Psychoglypha,clinger,collector
burrow_cr,abv_nf_animas,BUaNFA,Psychoronia,1163,27,Arthropod,Insecta,Trichoptera,Limnephilidae,Psychoronia,clinger,collector
hermosa_cr,abv_ditch,HERaD,Pteronarcella,1768,22,Arthropod,Insecta,Plecoptera,Pteronarcyidae,Pteronarcys,clinger,shredder
burrow_cr,abv_nf_animas,BUaNFA,Rheotanytarsus,1163,53,Arthropod,Insecta,Diptera,Chironomidae,Rheotanytarsus,burrower,collector
hermosa_cr,abv_ditch,HERaD,Rheotanytarsus,1768,6,Arthropod,Insecta,Diptera,Chironomidae,Rheotanytarsus,burrower,collector
mineral_cr,abv_mill_cr,MaMIL,Rhithrogena,397,5,Arthropod,Insecta,Ephemeroptera,Heptageniidae,Rhithrogena,clinger,scraper
mill_cr,abv_mineral_cr,MILaM,Rhithrogena,12640,112,Arthropod,Insecta,Ephemeroptera,Heptageniidae,Rhithrogena,clinger,scraper
bear_cr,abv_mineral_cr,BEaM,Rhithrogena,2832,288,Arthropod,Insecta,Ephemeroptera,Heptageniidae,Rhithrogena,clinger,scraper
mineral_cr,abv_animas,MaA,Rhithrogena,180,1,Arthropod,Insecta,Ephemeroptera,Heptageniidae,Rhithrogena,clinger,scraper
nf_animas,abv_burrow_cr,NFAaBU,Rhithrogena,1419,123,Arthropod,Insecta,Ephemeroptera,Heptageniidae,Rhithrogena,clinger,scraper
picayne_gulch,abv_animas,PICaA,Rhithrogena,7127,269,Arthropod,Insecta,Ephemeroptera,Heptageniidae,Rhithrogena,clinger,scraper
animas,abv_eureka,AaEU,Rhithrogena,260,1,Arthropod,Insecta,Ephemeroptera,Heptageniidae,Rhithrogena,clinger,scraper
sf_animas,abv_avalanche,SFAaAV,Rhithrogena,5384,1400,Arthropod,Insecta,Ephemeroptera,Heptageniidae,Rhithrogena,clinger,scraper
sf_animas,abv_eureka_gulch,SFAaEU,Rhithrogena,668,3,Arthropod,Insecta,Ephemeroptera,Heptageniidae,Rhithrogena,clinger,scraper
eureka_gulch,abv_sf_animas,EUaSFA,Rhithrogena,622,41,Arthropod,Insecta,Ephemeroptera,Heptageniidae,Rhithrogena,clinger,scraper
sf_animas,abv_animas,SFAaA,Rhithrogena,1437,99,Arthropod,Insecta,Ephemeroptera,Heptageniidae,Rhithrogena,clinger,scraper
animas,abv_minnie,AaMINN,Rhithrogena,575,11,Arthropod,Insecta,Ephemeroptera,Heptageniidae,Rhithrogena,clinger,scraper
maggie_gulch,abv_animas,MAGaA,Rhithrogena,11952,352,Arthropod,Insecta,Ephemeroptera,Heptageniidae,Rhithrogena,clinger,scraper
animas,abv_cunningham,AaCU,Rhithrogena,2715,272,Arthropod,Insecta,Ephemeroptera,Heptageniidae,Rhithrogena,clinger,scraper
animas,abv_arrastra_cr,AaARR,Rhithrogena,2028,112,Arthropod,Insecta,Ephemeroptera,Heptageniidae,Rhithrogena,clinger,scraper
hermosa_cr,abv_ditch,HERaD,Rhithrogena,1768,6,Arthropod,Insecta,Ephemeroptera,Heptageniidae,Rhithrogena,clinger,scraper
sf_mineral_cr,abv_mineral_cr,SFMaM,Rhyacophila_brunnea,510,5,Arthropod,Insecta,Trichoptera,Rhyacophilidae,Rhyacophila,clinger,predator
mineral_cr,abv_mill_cr,MaMIL,Rhyacophila_hyalinata,397,92,Arthropod,Insecta,Trichoptera,Rhyacophilidae,Rhyacophila,clinger,predator
mill_cr,abv_mineral_cr,MILaM,Rhyacophila_hyalinata,12640,320,Arthropod,Insecta,Trichoptera,Rhyacophilidae,Rhyacophila,clinger,predator
mineral_cr,abv_mf_mineral,MaMFM,Rhyacophila_hyalinata,120,6,Arthropod,Insecta,Trichoptera,Rhyacophilidae,Rhyacophila,clinger,predator
bear_cr,abv_mineral_cr,BEaM,Rhyacophila_hyalinata,2832,101,Arthropod,Insecta,Trichoptera,Rhyacophilidae,Rhyacophila,clinger,predator
nf_animas,abv_burrow_cr,NFAaBU,Rhyacophila_hyalinata,1419,19,Arthropod,Insecta,Trichoptera,Rhyacophilidae,Rhyacophila,clinger,predator
nf_animas,abv_wf_animas,NFAaWFA,Rhyacophila_hyalinata,12,1,Arthropod,Insecta,Trichoptera,Rhyacophilidae,Rhyacophila,clinger,predator
picayne_gulch,abv_animas,PICaA,Rhyacophila_hyalinata,7127,154,Arthropod,Insecta,Trichoptera,Rhyacophilidae,Rhyacophila,clinger,predator
animas,abv_eureka,AaEU,Rhyacophila_hyalinata,260,6,Arthropod,Insecta,Trichoptera,Rhyacophilidae,Rhyacophila,clinger,predator
sf_animas,abv_avalanche,SFAaAV,Rhyacophila_hyalinata,5384,64,Arthropod,Insecta,Trichoptera,Rhyacophilidae,Rhyacophila,clinger,predator
sf_animas,abv_eureka_gulch,SFAaEU,Rhyacophila_hyalinata,668,8,Arthropod,Insecta,Trichoptera,Rhyacophilidae,Rhyacophila,clinger,predator
sf_animas,abv_animas,SFAaA,Rhyacophila_hyalinata,1437,13,Arthropod,Insecta,Trichoptera,Rhyacophilidae,Rhyacophila,clinger,predator
animas,abv_minnie,AaMINN,Rhyacophila_hyalinata,575,3,Arthropod,Insecta,Trichoptera,Rhyacophilidae,Rhyacophila,clinger,predator
maggie_gulch,abv_animas,MAGaA,Rhyacophila_hyalinata,11952,352,Arthropod,Insecta,Trichoptera,Rhyacophilidae,Rhyacophila,clinger,predator
animas,abv_cunningham,AaCU,Rhyacophila_hyalinata,2715,5,Arthropod,Insecta,Trichoptera,Rhyacophilidae,Rhyacophila,clinger,predator
animas,abv_arrastra_cr,AaARR,Rhyacophila_hyalinata,2028,8,Arthropod,Insecta,Trichoptera,Rhyacophilidae,Rhyacophila,clinger,predator
sf_mineral_cr,abv_mineral_cr,SFMaM,Rhyacophila_nevadensis,510,5,Arthropod,Insecta,Trichoptera,Rhyacophilidae,Rhyacophila,clinger,predator
animas,abv_eureka,AaEU,Rhyacophila_nevadensis,260,5,Arthropod,Insecta,Trichoptera,Rhyacophilidae,Rhyacophila,clinger,predator
animas,abv_minnie,AaMINN,Rhyacophila_nevadensis,575,3,Arthropod,Insecta,Trichoptera,Rhyacophilidae,Rhyacophila,clinger,predator
animas,abv_arrastra_cr,AaARR,Rhyacophila_nevadensis,2028,48,Arthropod,Insecta,Trichoptera,Rhyacophilidae,Rhyacophila,clinger,predator
hermosa_cr,abv_ditch,HERaD,Rhyacophila_nevadensis,1768,54,Arthropod,Insecta,Trichoptera,Rhyacophilidae,Rhyacophila,clinger,predator
bear_cr,abv_mineral_cr,BEaM,Rhyacophila_sibirica,2832,75,Arthropod,Insecta,Trichoptera,Rhyacophilidae,Rhyacophila,clinger,predator
nf_animas,abv_burrow_cr,NFAaBU,Rhyacophila_sibirica,1419,3,Arthropod,Insecta,Trichoptera,Rhyacophilidae,Rhyacophila,clinger,predator
picayne_gulch,abv_animas,PICaA,Rhyacophila_sibirica,7127,64,Arthropod,Insecta,Trichoptera,Rhyacophilidae,Rhyacophila,clinger,predator
sf_animas,abv_avalanche,SFAaAV,Rhyacophila_sibirica,5384,16,Arthropod,Insecta,Trichoptera,Rhyacophilidae,Rhyacophila,clinger,predator
sf_animas,abv_eureka_gulch,SFAaEU,Rhyacophila_sibirica,668,25,Arthropod,Insecta,Trichoptera,Rhyacophilidae,Rhyacophila,clinger,predator
eureka_gulch,abv_sf_animas,EUaSFA,Rhyacophila_sibirica,622,50,Arthropod,Insecta,Trichoptera,Rhyacophilidae,Rhyacophila,clinger,predator
maggie_gulch,abv_animas,MAGaA,Rhyacophila_sibirica,11952,1104,Arthropod,Insecta,Trichoptera,Rhyacophilidae,Rhyacophila,clinger,predator
maggie_gulch,abv_animas,MAGaA,Rhyacophila_sibirica_atrata,11952,32,Arthropod,Insecta,Trichoptera,Rhyacophilidae,Rhyacophila,clinger,predator
animas,abv_arrastra_cr,AaARR,Rhyacophila_sibirica_atrata,2028,4,Arthropod,Insecta,Trichoptera,Rhyacophilidae,Rhyacophila,clinger,predator
mf_mineral_cr,abv_mineral_cr,MFMaM,Rhyacophila_sibrica,47,4,Arthropod,Insecta,Trichoptera,Rhyacophilidae,Rhyacophila,clinger,predator
mineral_cr,abv_animas,MaA,Rhyacophila_sibrica,180,3,Arthropod,Insecta,Trichoptera,Rhyacophilidae,Rhyacophila,clinger,predator
sf_mineral_cr,abv_mineral_cr,SFMaM,Rhyacophila_sibrica_atrata,510,4,Arthropod,Insecta,Trichoptera,Rhyacophilidae,Rhyacophila,clinger,predator
mineral_cr,abv_mill_cr,MaMIL,Rhyacophila_vofixa,397,7,Arthropod,Insecta,Trichoptera,Rhyacophilidae,Rhyacophila,clinger,predator
mf_mineral_cr,abv_mineral_cr,MFMaM,Rhyacophila_vofixa,47,2,Arthropod,Insecta,Trichoptera,Rhyacophilidae,Rhyacophila,clinger,predator
bear_cr,abv_mineral_cr,BEaM,Rhyacophila_vofixa,2832,5,Arthropod,Insecta,Trichoptera,Rhyacophilidae,Rhyacophila,clinger,predator
nf_animas,abv_burrow_cr,NFAaBU,Rhyacophila_vofixa,1419,40,Arthropod,Insecta,Trichoptera,Rhyacophilidae,Rhyacophila,clinger,predator
wf_animas,abv_placer_gulch,WFAaPL,Rhyacophila_vofixa,40,2,Arthropod,Insecta,Trichoptera,Rhyacophilidae,Rhyacophila,clinger,predator
picayne_gulch,abv_animas,PICaA,Rhyacophila_vofixa,7127,64,Arthropod,Insecta,Trichoptera,Rhyacophilidae,Rhyacophila,clinger,predator
sf_animas,abv_avalanche,SFAaAV,Rhyacophila_vofixa,5384,16,Arthropod,Insecta,Trichoptera,Rhyacophilidae,Rhyacophila,clinger,predator
sf_animas,abv_eureka_gulch,SFAaEU,Rhyacophila_vofixa,668,8,Arthropod,Insecta,Trichoptera,Rhyacophilidae,Rhyacophila,clinger,predator
eureka_gulch,abv_sf_animas,EUaSFA,Rhyacophila_vofixa,622,41,Arthropod,Insecta,Trichoptera,Rhyacophilidae,Rhyacophila,clinger,predator
sf_animas,abv_animas,SFAaA,Rhyacophila_vofixa,1437,83,Arthropod,Insecta,Trichoptera,Rhyacophilidae,Rhyacophila,clinger,predator
bear_cr,abv_mineral_cr,BEaM,Simulium,2832,11,Arthropod,Insecta,Diptera,Simuliidae,Simulium,clinger,filterer
animas,abv_cunningham,AaCU,Simulium,2715,5,Arthropod,Insecta,Diptera,Simuliidae,Simulium,clinger,filterer
animas,abv_arrastra_cr,AaARR,Simulium,2028,620,Arthropod,Insecta,Diptera,Simuliidae,Simulium,clinger,filterer
mineral_cr,abv_mill_cr,MaMIL,Sperchon,397,16,Arthropod,Arachnida,Trombidiformes,Sperchonidae,Sperchon,NA,NA
mill_cr,abv_mineral_cr,MILaM,Sperchon,12640,128,Arthropod,Arachnida,Trombidiformes,Sperchonidae,Sperchon,NA,NA
mineral_cr,abv_mf_mineral,MaMFM,Sperchon,120,3,Arthropod,Arachnida,Trombidiformes,Sperchonidae,Sperchon,NA,NA
bear_cr,abv_mineral_cr,BEaM,Sperchon,2832,91,Arthropod,Arachnida,Trombidiformes,Sperchonidae,Sperchon,NA,NA
nf_animas,abv_burrow_cr,NFAaBU,Sperchon,1419,24,Arthropod,Arachnida,Trombidiformes,Sperchonidae,Sperchon,NA,NA
burrow_cr,abv_nf_animas,BUaNFA,Sperchon,1163,2,Arthropod,Arachnida,Trombidiformes,Sperchonidae,Sperchon,NA,NA
picayne_gulch,abv_animas,PICaA,Sperchon,7127,102,Arthropod,Arachnida,Trombidiformes,Sperchonidae,Sperchon,NA,NA
sf_animas,abv_avalanche,SFAaAV,Sperchon,5384,72,Arthropod,Arachnida,Trombidiformes,Sperchonidae,Sperchon,NA,NA
sf_animas,abv_eureka_gulch,SFAaEU,Sperchon,668,3,Arthropod,Arachnida,Trombidiformes,Sperchonidae,Sperchon,NA,NA
eureka_gulch,abv_sf_animas,EUaSFA,Sperchon,622,7,Arthropod,Arachnida,Trombidiformes,Sperchonidae,Sperchon,NA,NA
sf_animas,abv_animas,SFAaA,Sperchon,1437,5,Arthropod,Arachnida,Trombidiformes,Sperchonidae,Sperchon,NA,NA
animas,abv_minnie,AaMINN,Sperchon,575,14,Arthropod,Arachnida,Trombidiformes,Sperchonidae,Sperchon,NA,NA
maggie_gulch,abv_animas,MAGaA,Sperchon,11952,96,Arthropod,Arachnida,Trombidiformes,Sperchonidae,Sperchon,NA,NA
animas,abv_cunningham,AaCU,Sperchon,2715,27,Arthropod,Arachnida,Trombidiformes,Sperchonidae,Sperchon,NA,NA
animas,abv_arrastra_cr,AaARR,Sperchon,2028,20,Arthropod,Arachnida,Trombidiformes,Sperchonidae,Sperchon,NA,NA
hermosa_cr,abv_ditch,HERaD,Sperchon,1768,10,Arthropod,Arachnida,Trombidiformes,Sperchonidae,Sperchon,NA,NA
picayne_gulch,abv_animas,PICaA,Suwalia,7127,77,Arthropod,Insecta,Plecoptera,Chloroperlidae,Suwalia,clinger,predator
mineral_cr,abv_mill_cr,MaMIL,Suwallia,397,47,Arthropod,Insecta,Plecoptera,Chloroperlidae,Suwallia,clinger,predator
mill_cr,abv_mineral_cr,MILaM,Suwallia,12640,64,Arthropod,Insecta,Plecoptera,Chloroperlidae,Suwallia,clinger,predator
sf_mineral_cr,abv_mineral_cr,SFMaM,Suwallia,510,1,Arthropod,Insecta,Plecoptera,Chloroperlidae,Suwallia,clinger,predator
bear_cr,abv_mineral_cr,BEaM,Suwallia,2832,85,Arthropod,Insecta,Plecoptera,Chloroperlidae,Suwallia,clinger,predator
nf_animas,abv_burrow_cr,NFAaBU,Suwallia,1419,11,Arthropod,Insecta,Plecoptera,Chloroperlidae,Suwallia,clinger,predator
placer_gulch,abv_wf_animas,PLaWFA,Suwallia,35,1,Arthropod,Insecta,Plecoptera,Chloroperlidae,Suwallia,clinger,predator
sf_animas,abv_avalanche,SFAaAV,Suwallia,5384,56,Arthropod,Insecta,Plecoptera,Chloroperlidae,Suwallia,clinger,predator
sf_animas,abv_eureka_gulch,SFAaEU,Suwallia,668,15,Arthropod,Insecta,Plecoptera,Chloroperlidae,Suwallia,clinger,predator
eureka_gulch,abv_sf_animas,EUaSFA,Suwallia,622,35,Arthropod,Insecta,Plecoptera,Chloroperlidae,Suwallia,clinger,predator
sf_animas,abv_animas,SFAaA,Suwallia,1437,27,Arthropod,Insecta,Plecoptera,Chloroperlidae,Suwallia,clinger,predator
animas,abv_minnie,AaMINN,Suwallia,575,2,Arthropod,Insecta,Plecoptera,Chloroperlidae,Suwallia,clinger,predator
maggie_gulch,abv_animas,MAGaA,Suwallia,11952,208,Arthropod,Insecta,Plecoptera,Chloroperlidae,Suwallia,clinger,predator
animas,abv_cunningham,AaCU,Suwallia,2715,11,Arthropod,Insecta,Plecoptera,Chloroperlidae,Suwallia,clinger,predator
animas,abv_arrastra_cr,AaARR,Suwallia,2028,4,Arthropod,Insecta,Plecoptera,Chloroperlidae,Suwallia,clinger,predator
mineral_cr,abv_mill_cr,MaMIL,Sweltsa,397,3,Arthropod,Insecta,Plecoptera,Chloroperlidae,Sweltsa,clinger,predator
nf_animas,abv_burrow_cr,NFAaBU,Sweltsa,1419,21,Arthropod,Insecta,Plecoptera,Chloroperlidae,Sweltsa,clinger,predator
picayne_gulch,abv_animas,PICaA,Sweltsa,7127,26,Arthropod,Insecta,Plecoptera,Chloroperlidae,Sweltsa,clinger,predator
animas,abv_eureka,AaEU,Sweltsa,260,1,Arthropod,Insecta,Plecoptera,Chloroperlidae,Sweltsa,clinger,predator
sf_animas,abv_avalanche,SFAaAV,Sweltsa,5384,24,Arthropod,Insecta,Plecoptera,Chloroperlidae,Sweltsa,clinger,predator
eureka_gulch,abv_sf_animas,EUaSFA,Sweltsa,622,15,Arthropod,Insecta,Plecoptera,Chloroperlidae,Sweltsa,clinger,predator
animas,abv_minnie,AaMINN,Sweltsa,575,1,Arthropod,Insecta,Plecoptera,Chloroperlidae,Sweltsa,clinger,predator
maggie_gulch,abv_animas,MAGaA,Sweltsa,11952,32,Arthropod,Insecta,Plecoptera,Chloroperlidae,Sweltsa,clinger,predator
animas,abv_cunningham,AaCU,Sweltsa,2715,16,Arthropod,Insecta,Plecoptera,Chloroperlidae,Sweltsa,clinger,predator
animas,abv_arrastra_cr,AaARR,Sweltsa,2028,4,Arthropod,Insecta,Plecoptera,Chloroperlidae,Sweltsa,clinger,predator
hermosa_cr,abv_ditch,HERaD,Sweltsa,1768,16,Arthropod,Insecta,Plecoptera,Chloroperlidae,Sweltsa,clinger,predator
mineral_cr,abv_mill_cr,MaMIL,Taenionema,397,69,Arthropod,Insecta,Plecoptera,Taeniopterygidae,Taenionema,sprawler,shredder
mill_cr,abv_mineral_cr,MILaM,Taenionema,12640,2592,Arthropod,Insecta,Plecoptera,Taeniopterygidae,Taenionema,sprawler,shredder
mineral_cr,abv_mf_mineral,MaMFM,Taenionema,120,9,Arthropod,Insecta,Plecoptera,Taeniopterygidae,Taenionema,sprawler,shredder
mf_mineral_cr,abv_mineral_cr,MFMaM,Taenionema,47,2,Arthropod,Insecta,Plecoptera,Taeniopterygidae,Taenionema,sprawler,shredder
mineral_cr,abv_sf_mineral,MaSFM,Taenionema,90,3,Arthropod,Insecta,Plecoptera,Taeniopterygidae,Taenionema,sprawler,shredder
sf_mineral_cr,abv_mineral_cr,SFMaM,Taenionema,510,120,Arthropod,Insecta,Plecoptera,Taeniopterygidae,Taenionema,sprawler,shredder
bear_cr,abv_mineral_cr,BEaM,Taenionema,2832,501,Arthropod,Insecta,Plecoptera,Taeniopterygidae,Taenionema,sprawler,shredder
mineral_cr,abv_animas,MaA,Taenionema,180,21,Arthropod,Insecta,Plecoptera,Taeniopterygidae,Taenionema,sprawler,shredder
nf_animas,abv_burrow_cr,NFAaBU,Taenionema,1419,227,Arthropod,Insecta,Plecoptera,Taeniopterygidae,Taenionema,sprawler,shredder
picayne_gulch,abv_animas,PICaA,Taenionema,7127,3928,Arthropod,Insecta,Plecoptera,Taeniopterygidae,Taenionema,sprawler,shredder
animas,abv_eureka,AaEU,Taenionema,260,46,Arthropod,Insecta,Plecoptera,Taeniopterygidae,Taenionema,sprawler,shredder
sf_animas,abv_avalanche,SFAaAV,Taenionema,5384,1328,Arthropod,Insecta,Plecoptera,Taeniopterygidae,Taenionema,sprawler,shredder
sf_animas,abv_eureka_gulch,SFAaEU,Taenionema,668,4,Arthropod,Insecta,Plecoptera,Taeniopterygidae,Taenionema,sprawler,shredder
eureka_gulch,abv_sf_animas,EUaSFA,Taenionema,622,76,Arthropod,Insecta,Plecoptera,Taeniopterygidae,Taenionema,sprawler,shredder
sf_animas,abv_animas,SFAaA,Taenionema,1437,448,Arthropod,Insecta,Plecoptera,Taeniopterygidae,Taenionema,sprawler,shredder
animas,abv_minnie,AaMINN,Taenionema,575,89,Arthropod,Insecta,Plecoptera,Taeniopterygidae,Taenionema,sprawler,shredder
maggie_gulch,abv_animas,MAGaA,Taenionema,11952,6080,Arthropod,Insecta,Plecoptera,Taeniopterygidae,Taenionema,sprawler,shredder
animas,abv_cunningham,AaCU,Taenionema,2715,1077,Arthropod,Insecta,Plecoptera,Taeniopterygidae,Taenionema,sprawler,shredder
animas,abv_arrastra_cr,AaARR,Taenionema,2028,96,Arthropod,Insecta,Plecoptera,Taeniopterygidae,Taenionema,sprawler,shredder
hermosa_cr,abv_ditch,HERaD,Taenionema,1768,6,Arthropod,Insecta,Plecoptera,Taeniopterygidae,Taenionema,sprawler,shredder
nf_animas,abv_wf_animas,NFAaWFA,Tanypodinae,12,1,Arthropod,Insecta,Diptera,Chironomidae,NA,burrower,collector
nf_animas,abv_burrow_cr,NFAaBU,Tanytarsus,1419,5,Arthropod,Insecta,Diptera,Chironomidae,Tanytarsus,sprawler,predator
picayne_gulch,abv_animas,PICaA,Tanytarsus,7127,64,Arthropod,Insecta,Diptera,Chironomidae,Tanytarsus,sprawler,predator
maggie_gulch,abv_animas,MAGaA,Tanytarsus,11952,80,Arthropod,Insecta,Diptera,Chironomidae,Tanytarsus,sprawler,predator
burrow_cr,abv_nf_animas,BUaNFA,Thienemanniella_xena,1163,62,Arthropod,Insecta,Diptera,Chironomidae,Thienemanniella,burrower,collector
hermosa_cr,abv_ditch,HERaD,Thiennemannimyia,1768,6,Arthropod,Insecta,Diptera,Chironomidae,Thiennemannimyia,burrower,collector
nf_animas,abv_burrow_cr,NFAaBU,Tipula,1419,3,Arthropod,Insecta,Diptera,Tipulidae,Tipula,burrower,predator
wf_animas,abv_placer_gulch,WFAaPL,Tipula,40,1,Arthropod,Insecta,Diptera,Tipulidae,Tipula,burrower,predator
eureka_gulch,abv_sf_animas,EUaSFA,Tipula,622,3,Arthropod,Insecta,Diptera,Tipulidae,Tipula,burrower,predator
hermosa_cr,abv_ditch,HERaD,Torrenticola,1768,6,Arthropod,Arachnida,Trombidiformes,Torrenticolidae,Torrenticola,NA,NA
mineral_cr,abv_mill_cr,MaMIL,Turbellaria,397,65,Platyhelminthes,Turbellaria,NA,NA,NA,NA,NA
mill_cr,abv_mineral_cr,MILaM,Turbellaria,12640,448,Platyhelminthes,Turbellaria,NA,NA,NA,NA,NA
mineral_cr,abv_mf_mineral,MaMFM,Turbellaria,120,2,Platyhelminthes,Turbellaria,NA,NA,NA,NA,NA
bear_cr,abv_mineral_cr,BEaM,Turbellaria,2832,53,Platyhelminthes,Turbellaria,NA,NA,NA,NA,NA
nf_animas,abv_burrow_cr,NFAaBU,Turbellaria,1419,24,Platyhelminthes,Turbellaria,NA,NA,NA,NA,NA
wf_animas,abv_placer_gulch,WFAaPL,Turbellaria,40,1,Platyhelminthes,Turbellaria,NA,NA,NA,NA,NA
wf_animas,abv_animas,WFAaA,Turbellaria,12,1,Platyhelminthes,Turbellaria,NA,NA,NA,NA,NA
picayne_gulch,abv_animas,PICaA,Turbellaria,7127,13,Platyhelminthes,Turbellaria,NA,NA,NA,NA,NA
sf_animas,abv_avalanche,SFAaAV,Turbellaria,5384,8,Platyhelminthes,Turbellaria,NA,NA,NA,NA,NA
sf_animas,abv_eureka_gulch,SFAaEU,Turbellaria,668,3,Platyhelminthes,Turbellaria,NA,NA,NA,NA,NA
eureka_gulch,abv_sf_animas,EUaSFA,Turbellaria,622,39,Platyhelminthes,Turbellaria,NA,NA,NA,NA,NA
sf_animas,abv_animas,SFAaA,Turbellaria,1437,21,Platyhelminthes,Turbellaria,NA,NA,NA,NA,NA
animas,abv_minnie,AaMINN,Turbellaria,575,2,Platyhelminthes,Turbellaria,NA,NA,NA,NA,NA
maggie_gulch,abv_animas,MAGaA,Turbellaria,11952,112,Platyhelminthes,Turbellaria,NA,NA,NA,NA,NA
animas,abv_arrastra_cr,AaARR,Turbellaria,2028,16,Platyhelminthes,Turbellaria,NA,NA,NA,NA,NA
mineral_cr,abv_mill_cr,MaMIL,Tvetenia_bavarica,397,1,Arthropod,Insecta,Diptera,Chironomidae,Tvetenia,burrower,collector
mill_cr,abv_mineral_cr,MILaM,Tvetenia_bavarica,12640,48,Arthropod,Insecta,Diptera,Chironomidae,Tvetenia,burrower,collector
mineral_cr,abv_sf_mineral,MaSFM,Tvetenia_bavarica,90,1,Arthropod,Insecta,Diptera,Chironomidae,Tvetenia,burrower,collector
bear_cr,abv_mineral_cr,BEaM,Tvetenia_bavarica,2832,64,Arthropod,Insecta,Diptera,Chironomidae,Tvetenia,burrower,collector
sf_animas,abv_avalanche,SFAaAV,Tvetenia_bavarica,5384,16,Arthropod,Insecta,Diptera,Chironomidae,Tvetenia,burrower,collector
maggie_gulch,aa,MAGaA,Tvetenia_bavarica,11952,16,Arthropod,Insecta,Diptera,Chironomidae,Tvetenia,burrower,collector
hermosa_cr,abv_ditch,HERaD,Virgatanytarsus,1768,3,Arthropod,Insecta,Diptera,Chironomidae,Virgatanytarsus,burrower,collector
hermosa_cr,abv_ditch,HERaD,Zaitzevia,1768,98,Arthropod,Insecta,Coleoptera,Elmidae,Zaitzevia,clinger,collector
mill_cr,abv_mineral_cr,MILaM,Zapada,12640,336,Arthropod,Insecta,Plecoptera,Nemouridae,Zapada,sprawler,shredder
mineral_cr,abv_mf_mineral,MaMFM,Zapada,120,67,Arthropod,Insecta,Plecoptera,Nemouridae,Zapada,sprawler,shredder
mf_mineral_cr,abv_mineral_cr,MFMaM,Zapada,47,2,Arthropod,Insecta,Plecoptera,Nemouridae,Zapada,sprawler,shredder
mineral_cr,abv_sf_mineral,MaSFM,Zapada,90,20,Arthropod,Insecta,Plecoptera,Nemouridae,Zapada,sprawler,shredder
sf_mineral_cr,abv_mineral_cr,SFMaM,Zapada,510,159,Arthropod,Insecta,Plecoptera,Nemouridae,Zapada,sprawler,shredder
bear_cr,abv_mineral_cr,BEaM,Zapada,2832,507,Arthropod,Insecta,Plecoptera,Nemouridae,Zapada,sprawler,shredder
mineral_cr,abv_animas,MaA,Zapada,180,120,Arthropod,Insecta,Plecoptera,Nemouridae,Zapada,sprawler,shredder
nf_animas,abv_burrow_cr,NFAaBU,Zapada,1419,515,Arthropod,Insecta,Plecoptera,Nemouridae,Zapada,sprawler,shredder
nf_animas,abv_wf_animas,NFAaWFA,Zapada,12,5,Arthropod,Insecta,Plecoptera,Nemouridae,Zapada,sprawler,shredder
wf_animas,abv_placer_gulch,WFAaPL,Zapada,40,3,Arthropod,Insecta,Plecoptera,Nemouridae,Zapada,sprawler,shredder
placer_gulch,abv_wf_animas,PLaWFA,Zapada,35,34,Arthropod,Insecta,Plecoptera,Nemouridae,Zapada,sprawler,shredder
wf_animas,abv_animas,WFAaA,Zapada,12,4,Arthropod,Insecta,Plecoptera,Nemouridae,Zapada,sprawler,shredder
picayne_gulch,abv_animas,PICaA,Zapada,7127,985,Arthropod,Insecta,Plecoptera,Nemouridae,Zapada,sprawler,shredder
animas,abv_eureka,AaEU,Zapada,260,87,Arthropod,Insecta,Plecoptera,Nemouridae,Zapada,sprawler,shredder
sf_animas,abv_avalanche,SFAaAV,Zapada,5384,744,Arthropod,Insecta,Plecoptera,Nemouridae,Zapada,sprawler,shredder
sf_animas,abv_eureka_gulch,SFAaEU,Zapada,668,524,Arthropod,Insecta,Plecoptera,Nemouridae,Zapada,sprawler,shredder
eureka_gulch,abv_sf_animas,EUaSFA,Zapada,622,127,Arthropod,Insecta,Plecoptera,Nemouridae,Zapada,sprawler,shredder
sf_animas,abv_animas,SFAaA,Zapada,1437,611,Arthropod,Insecta,Plecoptera,Nemouridae,Zapada,sprawler,shredder
animas,abv_minnie,AaMINN,Zapada,575,166,Arthropod,Insecta,Plecoptera,Nemouridae,Zapada,sprawler,shredder
maggie_gulch,abv_animas,MAGaA,Zapada,11952,784,Arthropod,Insecta,Plecoptera,Nemouridae,Zapada,sprawler,shredder
animas,abv_cunningham,AaCU,Zapada,2715,75,Arthropod,Insecta,Plecoptera,Nemouridae,Zapada,sprawler,shredder
animas,abv_arrastra_cr,AaARR,Zapada,2028,200,Arthropod,Insecta,Plecoptera,Nemouridae,Zapada,sprawler,shredder
hermosa_cr,abv_ditch,HERaD,Zapada,1768,3,Arthropod,Insecta,Plecoptera,Nemouridae,Zapada,sprawler,shredder
