stream,site,id,class,order,family,taxon,count,date,total_count,fraction_processed,area_sampled
mill_cr,abv_mineral_cr,MILaM,insecta,ephemeroptera,ameletidae,ameletus,1,10/17/2016,790,6.25,1.15
bear_cr,abv_mineral_cr,BEaM,insecta,ephemeroptera,ameletidae,ameletus,1,10/12/2016,531,18.75,1.15
sf_animas,abv_avalanche,SFAaAV,insecta,ephemeroptera,ameletidae,ameletus,2,10/8/2016,673,12.5,1.15
sf_animas,abv_eureka_gulch,SFAaEU,insecta,ephemeroptera,ameletidae,ameletus,2,10/8/2016,501,75,1.15
eureka_gulch,abv_sf_animas,EUaSFA,insecta,ephemeroptera,ameletidae,ameletus,1,10/6/2016,547,88,1.15
sf_animas,abv_animas,SFAaA,insecta,ephemeroptera,ameletidae,ameletus,2,10/6/2016,539,37.5,1.15
hermosa_cr,abv_ditch,HERaD,insecta,ephemeroptera,ameletidae,ameletus,2,9/30/2016,557,31.5,1.15
sf_mineral_cr,blw_cg_blw_clear_lake_cr,,insecta,plecoptera,nemouridae,amphinemura,3,10/13/2016,285,100,1.15
wf_animas,abv_placer_gulch,WFAaPL,insecta,plecoptera,nemouridae,amphinemura,2,10/10/2016,40,100,1.15
hermosa_cr,abv_ditch,HERaD,insecta,diptera,tipulidae,antocha,11,9/30/2016,557,31.5,1.15
mineral_cr,abv_mill_cr,MaMIL,insecta,trichoptera,hydropsychidae,arctopsyche,5,10/17/2016,397,100,1.15
mineral_cr,abv_browns_gulch,,insecta,trichoptera,hydropsychidae,arctopsyche,11,10/17/2016,576,18.75,1.15
mineral_cr,abv_mf_mineral,MaMFM,insecta,trichoptera,hydropsychidae,arctopsyche,20,10/14/2016,120,100,1.15
sf_mineral_cr,blw_cg_blw_clear_lake_cr,,insecta,trichoptera,hydropsychidae,arctopsyche,10,10/13/2016,285,100,1.15
bear_cr,abv_mineral_cr,BEaM,insecta,trichoptera,hydropsychidae,arctopsyche,1,10/12/2016,531,18.75,1.15
mineral_cr,abv_animas,MaA,insecta,trichoptera,hydropsychidae,arctopsyche,16,10/12/2016,180,100,1.15
nf_animas,abv_burrow_cr,NFAaBU,insecta,trichoptera,hydropsychidae,arctopsyche,18,10/7/2016,532,37.5,1.15
picayne_gulch,abv_animas,PICaA,insecta,trichoptera,hydropsychidae,arctopsyche,3,10/5/2016,557,7.815,1.15
animas,abv_eureka,AaEU,insecta,trichoptera,hydropsychidae,arctopsyche,110,10/11/2016,260,100,1.15
eureka_gulch,abv_sf_animas,EUaSFA,insecta,trichoptera,hydropsychidae,arctopsyche,4,10/6/2016,547,88,1.15
sf_animas,abv_animas,SFAaA,insecta,trichoptera,hydropsychidae,arctopsyche,3,10/6/2016,539,37.5,1.15
animas,abv_minnie,AaMINN,insecta,trichoptera,hydropsychidae,arctopsyche,79,10/11/2016,503,87.5,1.15
maggie_gulch,abv_animas,MAGaA,insecta,trichoptera,hydropsychidae,arctopsyche,2,10/4/2016,747,6.25,1.15
animas,abv_cunningham,AaCU,insecta,trichoptera,hydropsychidae,arctopsyche,6,10/4/2016,509,18.75,1.15
picayne_gulch,abv_animas,,insecta,trichoptera,hydropsychidae,arctopsyche,12,10/4/2016,602,12.5,1.15
animas,abv_arrastra_cr,AaARR,insecta,trichoptera,hydropsychidae,arctopsyche,43,10/2/2016,507,25,1.15
hermosa_cr,abv_ditch,HERaD,insecta,trichoptera,hydropsychidae,arctopsyche,10,9/30/2016,557,31.5,1.15
wf_animas,abv_placer_gulch,WFAaPL,arachnida,trombidiformes,arrenuridae,arrenurus,1,10/10/2016,40,100,1.15
mineral_cr,abv_browns_gulch,,arachnida,trombidiformes,atruidae,aturus,1,10/17/2016,576,18.75,1.15
mineral_cr,abv_mill_cr,MaMIL,insecta,ephemeroptera,baetidae,baetis,1,10/17/2016,397,100,1.15
mill_cr,abv_mineral_cr,MILaM,insecta,ephemeroptera,baetidae,baetis,8,10/17/2016,790,6.25,1.15
mineral_cr,abv_browns_gulch,,insecta,ephemeroptera,baetidae,baetis,3,10/17/2016,576,18.75,1.15
mineral_cr,abv_mf_mineral,MaMFM,insecta,ephemeroptera,baetidae,baetis,1,10/14/2016,120,100,1.15
sf_mineral_cr,blw_cg_blw_clear_lake_cr,,insecta,ephemeroptera,baetidae,baetis,4,10/13/2016,285,100,1.15
sf_mineral_cr,abv_mineral_cr,SFMaM,insecta,ephemeroptera,baetidae,baetis,4,10/13/2016,510,100,1.15
bear_cr,abv_mineral_cr,BEaM,insecta,ephemeroptera,baetidae,baetis,1,10/12/2016,531,18.75,1.15
picayne_gulch,abv_animas,PICaA,insecta,ephemeroptera,baetidae,baetis,8,10/5/2016,557,7.815,1.15
sf_animas,abv_avalanche,SFAaAV,insecta,ephemeroptera,baetidae,baetis,2,10/8/2016,673,12.5,1.15
eureka_gulch,abv_sf_animas,EUaSFA,insecta,ephemeroptera,baetidae,baetis,1,10/6/2016,547,88,1.15
sf_animas,abv_animas,SFAaA,insecta,ephemeroptera,baetidae,baetis,4,10/6/2016,539,37.5,1.15
maggie_gulch,abv_animas,MAGaA,insecta,ephemeroptera,baetidae,baetis,6,10/4/2016,747,6.25,1.15
animas,abv_cunningham,AaCU,insecta,ephemeroptera,baetidae,baetis,10,10/4/2016,509,18.75,1.15
picayne_gulch,abv_animas,,insecta,ephemeroptera,baetidae,baetis,4,10/4/2016,602,12.5,1.15
animas,abv_arrastra_cr,AaARR,insecta,ephemeroptera,baetidae,baetis,16,10/2/2016,507,25,1.15
hermosa_cr,abv_ditch,HERaD,insecta,ephemeroptera,baetidae,baetis,230,9/30/2016,557,31.5,1.15
mineral_cr,abv_mill_cr,MaMIL,insecta,diptera,ceratopogonidae,bezzia_palpomyia,24,10/17/2016,397,100,1.15
mineral_cr,abv_browns_gulch,,insecta,diptera,ceratopogonidae,bezzia_palpomyia,2,10/17/2016,576,18.75,1.15
mineral_cr,abv_mf_mineral,MaMFM,insecta,diptera,ceratopogonidae,bezzia_palpomyia,2,10/14/2016,120,100,1.15
mf_mineral_cr,abv_mineral_cr,MFMaM,insecta,diptera,ceratopogonidae,bezzia_palpomyia,1,10/14/2016,47,100,1.15
mineral_cr,abv_sf_mineral,MaSFM,insecta,diptera,ceratopogonidae,bezzia_palpomyia,2,10/13/2016,90,100,1.15
sf_mineral_cr,blw_cg_blw_clear_lake_cr,,insecta,diptera,ceratopogonidae,bezzia_palpomyia,4,10/13/2016,285,100,1.15
sf_mineral_cr,abv_mineral_cr,SFMaM,insecta,diptera,ceratopogonidae,bezzia_palpomyia,13,10/13/2016,510,100,1.15
mineral_cr,abv_animas,MaA,insecta,diptera,ceratopogonidae,bezzia_palpomyia,7,10/12/2016,180,100,1.15
eureka_gulch,abv_sf_animas,EUaSFA,insecta,diptera,ceratopogonidae,bezzia_palpomyia,1,10/6/2016,547,88,1.15
sf_animas,abv_animas,SFAaA,insecta,diptera,ceratopogonidae,bezzia_palpomyia,2,10/6/2016,539,37.5,1.15
animas,abv_minnie,AaMINN,insecta,diptera,ceratopogonidae,bezzia_palpomyia,19,10/11/2016,503,87.5,1.15
maggie_gulch,abv_animas,MAGaA,insecta,diptera,ceratopogonidae,bezzia_palpomyia,2,10/4/2016,747,6.25,1.15
animas,abv_cunningham,AaCU,insecta,diptera,ceratopogonidae,bezzia_palpomyia,23,10/4/2016,509,18.75,1.15
picayne_gulch,abv_animas,,insecta,diptera,ceratopogonidae,bezzia_palpomyia,1,10/4/2016,602,12.5,1.15
animas,abv_arrastra_cr,AaARR,insecta,diptera,ceratopogonidae,bezzia_palpomyia,4,10/2/2016,507,25,1.15
mineral_cr,abv_mill_cr,MaMIL,insecta,trichoptera,brachycentridae,brachycentrus,1,10/17/2016,397,100,1.15
mineral_cr,abv_browns_gulch,,insecta,trichoptera,brachycentridae,brachycentrus,1,10/17/2016,576,18.75,1.15
nf_animas,abv_burrow_cr,NFAaBU,insecta,diptera,chironomidae,brilla,2,10/7/2016,532,37.5,1.15
sf_animas,abv_avalanche,SFAaAV,insecta,diptera,chironomidae,brilla,1,10/8/2016,673,12.5,1.15
sf_animas,abv_eureka_gulch,SFAaEU,insecta,diptera,chironomidae,brilla,6,10/8/2016,501,75,1.15
sf_animas,abv_animas,SFAaA,insecta,diptera,chironomidae,brilla,2,10/6/2016,539,37.5,1.15
maggie_gulch,abv_animas,MAGaA,insecta,diptera,chironomidae,brilla,2,10/4/2016,747,6.25,1.15
mineral_cr,abv_mill_cr,MaMIL,insecta,diptera,chironomidae,brillia,3,10/17/2016,397,100,1.15
mill_cr,abv_mineral_cr,MILaM,insecta,diptera,chironomidae,brillia,1,10/17/2016,790,6.25,1.15
mf_mineral_cr,abv_mineral_cr,MFMaM,insecta,diptera,chironomidae,brillia,3,10/14/2016,47,100,1.15
mineral_cr,abv_sf_mineral,MaSFM,insecta,diptera,chironomidae,brillia,6,10/13/2016,90,100,1.15
sf_mineral_cr,blw_cg_blw_clear_lake_cr,,insecta,diptera,chironomidae,brillia,2,10/13/2016,285,100,1.15
bear_cr,abv_mineral_cr,BEaM,insecta,diptera,chironomidae,brillia,3,10/12/2016,531,18.75,1.15
mineral_cr,abv_animas,MaA,insecta,diptera,chironomidae,brillia,1,10/12/2016,180,100,1.15
mill_cr,abv_mineral_cr,MILaM,insecta,plecoptera,capniidae,capnia,10,10/17/2016,790,6.25,1.15
mineral_cr,abv_browns_gulch,,insecta,plecoptera,capniidae,capnia,2,10/17/2016,576,18.75,1.15
mineral_cr,abv_mf_mineral,MaMFM,insecta,plecoptera,capniidae,capnia,1,10/14/2016,120,100,1.15
mf_mineral_cr,abv_mineral_cr,MFMaM,insecta,plecoptera,capniidae,capnia,1,10/14/2016,47,100,1.15
sf_mineral_cr,blw_cg_blw_clear_lake_cr,,insecta,plecoptera,capniidae,capnia,4,10/13/2016,285,100,1.15
sf_mineral_cr,abv_mineral_cr,SFMaM,insecta,plecoptera,capniidae,capnia,1,10/13/2016,510,100,1.15
nf_animas,abv_wf_animas,NFAaWFA,insecta,plecoptera,capniidae,capnia,1,10/7/2016,12,100,1.15
wf_animas,abv_placer_gulch,WFAaPL,insecta,plecoptera,capniidae,capnia,11,10/10/2016,40,100,1.15
wf_animas,abv_animas,WFAaA,insecta,plecoptera,capniidae,capnia,3,10/7/2016,12,100,1.15
sf_animas,abv_avalanche,SFAaAV,insecta,plecoptera,capniidae,capnia,27,10/8/2016,673,12.5,1.15
picayne_gulch,abv_animas,,insecta,plecoptera,capniidae,capnia,1,10/4/2016,602,12.5,1.15
burrow_cr,abv_nf_animas,BUaNFA,insecta,plecoptera,capniidae,capniidae,2,10/7/2016,509,43.75,1.15
animas,abv_cunningham,AaCU,insecta,plecoptera,capniidae,capniidae,6,10/4/2016,509,18.75,1.15
animas,abv_arrastra_cr,AaARR,insecta,plecoptera,capniidae,capniidae,13,10/2/2016,507,25,1.15
mineral_cr,abv_mill_cr,MaMIL,insecta,diptera,chironomidae,chaetocladius,7,10/17/2016,397,100,1.15
mill_cr,abv_mineral_cr,MILaM,insecta,diptera,chironomidae,chaetocladius,2,10/17/2016,790,6.25,1.15
mineral_cr,abv_mf_mineral,MaMFM,insecta,diptera,chironomidae,chaetocladius,1,10/14/2016,120,100,1.15
mf_mineral_cr,abv_mineral_cr,MFMaM,insecta,diptera,chironomidae,chaetocladius,22,10/14/2016,47,100,1.15
mineral_cr,abv_sf_mineral,MaSFM,insecta,diptera,chironomidae,chaetocladius,51,10/13/2016,90,100,1.15
sf_mineral_cr,blw_cg_blw_clear_lake_cr,,insecta,diptera,chironomidae,chaetocladius,5,10/13/2016,285,100,1.15
sf_mineral_cr,abv_mineral_cr,SFMaM,insecta,diptera,chironomidae,chaetocladius,6,10/13/2016,510,100,1.15
mineral_cr,abv_animas,MaA,insecta,diptera,chironomidae,chaetocladius,5,10/12/2016,180,100,1.15
nf_animas,abv_burrow_cr,NFAaBU,insecta,diptera,chironomidae,chaetocladius,2,10/7/2016,532,37.5,1.15
burrow_cr,abv_nf_animas,BUaNFA,insecta,diptera,chironomidae,chaetocladius,8,10/7/2016,509,43.75,1.15
nf_animas,abv_wf_animas,NFAaWFA,insecta,diptera,chironomidae,chaetocladius,1,10/7/2016,12,100,1.15
wf_animas,abv_placer_gulch,WFAaPL,insecta,diptera,chironomidae,chaetocladius,2,10/10/2016,40,100,1.15
wf_animas,abv_animas,WFAaA,insecta,diptera,chironomidae,chaetocladius,2,10/7/2016,12,100,1.15
sf_animas,abv_eureka_gulch,SFAaEU,insecta,diptera,chironomidae,chaetocladius,3,10/8/2016,501,75,1.15
eureka_gulch,abv_sf_animas,EUaSFA,insecta,diptera,chironomidae,chaetocladius,5,10/6/2016,547,88,1.15
sf_animas,abv_animas,SFAaA,insecta,diptera,chironomidae,chaetocladius,2,10/6/2016,539,37.5,1.15
animas,abv_minnie,AaMINN,insecta,diptera,chironomidae,chaetocladius,3,10/11/2016,503,87.5,1.15
sf_mineral_cr,abv_mineral_cr,SFMaM,insecta,diptera,empididae,chelifera,4,10/13/2016,510,100,1.15
sf_animas,abv_eureka_gulch,SFAaEU,insecta,diptera,empididae,chelifera,1,10/8/2016,501,75,1.15
animas,abv_minnie,AaMINN,insecta,diptera,empididae,chelifera,1,10/11/2016,503,87.5,1.15
hermosa_cr,abv_ditch,HERaD,insecta,diptera,empididae,chelifera,5,9/30/2016,557,31.5,1.15
mill_cr,abv_mineral_cr,MILaM,insecta,ephemeroptera,heptageniidae,cinygmula,120,10/17/2016,790,6.25,1.15
bear_cr,abv_mineral_cr,BEaM,insecta,ephemeroptera,heptageniidae,cinygmula ,16,10/12/2016,531,18.75,1.15
nf_animas,abv_burrow_cr,NFAaBU,insecta,ephemeroptera,heptageniidae,cinygmula ,46,10/7/2016,532,37.5,1.15
picayne_gulch,abv_animas,PICaA,insecta,ephemeroptera,heptageniidae,cinygmula ,24,10/5/2016,557,7.815,1.15
picayne_gulch,abv_animas,,insecta,ephemeroptera,heptageniidae,cinygmula ,6,10/4/2016,602,12.5,1.15
mineral_cr,abv_mf_mineral,MaMFM,insecta,diptera,empididae,clinocera,1,10/14/2016,120,100,1.15
bear_cr,abv_mineral_cr,BEaM,insecta,diptera,empididae,clinocera,4,10/12/2016,531,18.75,1.15
nf_animas,abv_burrow_cr,NFAaBU,insecta,diptera,empididae,clinocera,1,10/7/2016,532,37.5,1.15
burrow_cr,abv_nf_animas,BUaNFA,insecta,diptera,empididae,clinocera,37,10/7/2016,509,43.75,1.15
wf_animas,abv_placer_gulch,WFAaPL,insecta,diptera,empididae,clinocera,2,10/10/2016,40,100,1.15
wf_animas,abv_animas,WFAaA,insecta,diptera,empididae,clinocera,2,10/7/2016,12,100,1.15
mineral_cr,abv_mill_cr,MaMIL,insecta,diptera,chironomidae,cricotopus_Orthocladius,4,10/17/2016,397,100,1.15
mill_cr,abv_mineral_cr,MILaM,insecta,diptera,chironomidae,cricotopus_Orthocladius,13,10/17/2016,790,6.25,1.15
mineral_cr,abv_browns_gulch,,insecta,diptera,chironomidae,cricotopus_Orthocladius,4,10/17/2016,576,18.75,1.15
mineral_cr,abv_mf_mineral,MaMFM,insecta,diptera,chironomidae,cricotopus_Orthocladius,2,10/14/2016,120,100,1.15
mf_mineral_cr,abv_mineral_cr,MFMaM,insecta,diptera,chironomidae,cricotopus_Orthocladius,1,10/14/2016,47,100,1.15
mineral_cr,abv_sf_mineral,MaSFM,insecta,diptera,chironomidae,cricotopus_Orthocladius,1,10/13/2016,90,100,1.15
sf_mineral_cr,blw_cg_blw_clear_lake_cr,,insecta,diptera,chironomidae,cricotopus_Orthocladius,3,10/13/2016,285,100,1.15
sf_mineral_cr,abv_mineral_cr,SFMaM,insecta,diptera,chironomidae,cricotopus_Orthocladius,121,10/13/2016,510,100,1.15
mineral_cr,abv_animas,MaA,insecta,diptera,chironomidae,cricotopus_Orthocladius,1,10/12/2016,180,100,1.15
nf_animas,abv_burrow_cr,NFAaBU,insecta,diptera,chironomidae,cricotopus_Orthocladius,15,10/7/2016,532,37.5,1.15
picayne_gulch,abv_animas,PICaA,insecta,diptera,chironomidae,cricotopus_Orthocladius,2,10/5/2016,557,7.815,1.15
animas,abv_eureka,AaEU,insecta,diptera,chironomidae,cricotopus_Orthocladius,3,10/11/2016,260,100,1.15
sf_animas,abv_avalanche,SFAaAV,insecta,diptera,chironomidae,cricotopus_Orthocladius,3,10/8/2016,673,12.5,1.15
sf_animas,abv_eureka_gulch,SFAaEU,insecta,diptera,chironomidae,cricotopus_Orthocladius,9,10/8/2016,501,75,1.15
eureka_gulch,abv_sf_animas,EUaSFA,insecta,diptera,chironomidae,cricotopus_Orthocladius,101,10/6/2016,547,88,1.15
sf_animas,abv_animas,SFAaA,insecta,diptera,chironomidae,cricotopus_Orthocladius,24,10/6/2016,539,37.5,1.15
animas,abv_minnie,AaMINN,insecta,diptera,chironomidae,cricotopus_Orthocladius,110,10/11/2016,503,87.5,1.15
animas,abv_cunningham,AaCU,insecta,diptera,chironomidae,cricotopus_Orthocladius,78,10/4/2016,509,18.75,1.15
animas,abv_arrastra_cr,AaARR,insecta,diptera,chironomidae,cricotopus_Orthocladius,79,10/2/2016,507,25,1.15
hermosa_cr,abv_ditch,HERaD,insecta,diptera,chironomidae,cricotopus_Orthocladius,2,9/30/2016,557,31.5,1.15
mineral_cr,abv_mill_cr,MaMIL,insecta,diptera,chironomidae,diamesa,3,10/17/2016,397,100,1.15
mineral_cr,abv_browns_gulch,,insecta,diptera,chironomidae,diamesa,8,10/17/2016,576,18.75,1.15
sf_mineral_cr,blw_cg_blw_clear_lake_cr,,insecta,diptera,chironomidae,diamesa,4,10/13/2016,285,100,1.15
sf_mineral_cr,abv_mineral_cr,SFMaM,insecta,diptera,chironomidae,diamesa,10,10/13/2016,510,100,1.15
nf_animas,abv_burrow_cr,NFAaBU,insecta,diptera,chironomidae,diamesa,9,10/7/2016,532,37.5,1.15
picayne_gulch,abv_animas,PICaA,insecta,diptera,chironomidae,diamesa,1,10/5/2016,557,7.815,1.15
sf_animas,abv_avalanche,SFAaAV,insecta,diptera,chironomidae,diamesa,34,10/8/2016,673,12.5,1.15
eureka_gulch,abv_sf_animas,EUaSFA,insecta,diptera,chironomidae,diamesa,19,10/6/2016,547,88,1.15
sf_animas,abv_animas,SFAaA,insecta,diptera,chironomidae,diamesa,2,10/6/2016,539,37.5,1.15
mill_cr,abv_mineral_cr,MILaM,insecta,trichoptera,limnephilidae,dicosmoecus,17,10/17/2016,790,6.25,1.15
mineral_cr,abv_sf_mineral,MaSFM,insecta,diptera,tipulidae,dicranota,1,10/13/2016,90,100,1.15
bear_cr,abv_mineral_cr,BEaM,insecta,diptera,tipulidae,dicranota,3,10/12/2016,531,18.75,1.15
mineral_cr,abv_browns_gulch,,insecta,diptera,dixidae,dixa,1,10/17/2016,576,18.75,1.15
mill_cr,abv_mineral_cr,MILaM,insecta,ephemeroptera,ephemerellidae,drunella_doddsii,267,10/17/2016,790,6.25,1.15
mineral_cr,abv_browns_gulch,,insecta,ephemeroptera,ephemerellidae,drunella_doddsii,15,10/17/2016,576,18.75,1.15
sf_mineral_cr,abv_mineral_cr,SFMaM,insecta,ephemeroptera,ephemerellidae,drunella_doddsii,4,10/13/2016,510,100,1.15
bear_cr,abv_mineral_cr,BEaM,insecta,ephemeroptera,ephemerellidae,drunella_doddsii,28,10/12/2016,531,18.75,1.15
nf_animas,abv_burrow_cr,NFAaBU,insecta,ephemeroptera,ephemerellidae,drunella_doddsii,4,10/7/2016,532,37.5,1.15
picayne_gulch,abv_animas,PICaA,insecta,ephemeroptera,ephemerellidae,drunella_doddsii,1,10/5/2016,557,7.815,1.15
sf_animas,abv_avalanche,SFAaAV,insecta,ephemeroptera,ephemerellidae,drunella_doddsii,63,10/8/2016,673,12.5,1.15
sf_animas,abv_animas,SFAaA,insecta,ephemeroptera,ephemerellidae,drunella_doddsii,1,10/6/2016,539,37.5,1.15
maggie_gulch,abv_animas,MAGaA,insecta,ephemeroptera,ephemerellidae,drunella_doddsii,42,10/4/2016,747,6.25,1.15
animas,abv_cunningham,AaCU,insecta,ephemeroptera,ephemerellidae,drunella_doddsii,77,10/4/2016,509,18.75,1.15
picayne_gulch,abv_animas,,insecta,ephemeroptera,ephemerellidae,drunella_doddsii,109,10/4/2016,602,12.5,1.15
animas,abv_arrastra_cr,AaARR,insecta,ephemeroptera,ephemerellidae,drunella_doddsii,52,10/2/2016,507,25,1.15
hermosa_cr,abv_ditch,HERaD,insecta,ephemeroptera,ephemerellidae,drunella_grandis,8,9/30/2016,557,31.5,1.15
wf_animas,abv_placer_gulch,WFAaPL,insecta,coleoptera,dytiscidae,dytiscidae,1,10/10/2016,40,100,1.15
nf_animas,abv_burrow_cr,NFAaBU,insecta,trichoptera,limnephilidae,ecclisomyia,5,10/7/2016,532,37.5,1.15
wf_animas,abv_placer_gulch,WFAaPL,insecta,trichoptera,limnephilidae,ecclisomyia,2,10/10/2016,40,100,1.15
sf_animas,abv_avalanche,SFAaAV,insecta,trichoptera,limnephilidae,ecclisomyia,3,10/8/2016,673,12.5,1.15
eureka_gulch,abv_sf_animas,EUaSFA,insecta,trichoptera,limnephilidae,ecclisomyia,2,10/6/2016,547,88,1.15
sf_mineral_cr,abv_mineral_cr,SFMaM,insecta,ephemeroptera,heptageniidae,epeorus,2,10/13/2016,510,100,1.15
animas,abv_cunningham,AaCU,insecta,ephemeroptera,heptageniidae,epeorus,2,10/4/2016,509,18.75,1.15
mill_cr,abv_mineral_cr,MILaM,insecta,ephemeroptera,ephemerellidae,ephemerellidae,31,10/17/2016,790,6.25,1.15
bear_cr,abv_mineral_cr,BEaM,insecta,ephemeroptera,ephemerellidae,ephemerellidae,2,10/12/2016,531,18.75,1.15
nf_animas,abv_burrow_cr,NFAaBU,insecta,ephemeroptera,ephemerellidae,ephemerellidae,1,10/7/2016,532,37.5,1.15
picayne_gulch,abv_animas,PICaA,insecta,ephemeroptera,ephemerellidae,ephemerellidae,27,10/5/2016,557,7.815,1.15
maggie_gulch,abv_animas,MAGaA,insecta,ephemeroptera,ephemerellidae,ephemerellidae,7,10/4/2016,747,6.25,1.15
animas,abv_cunningham,AaCU,insecta,ephemeroptera,ephemerellidae,ephemerellidae,6,10/4/2016,509,18.75,1.15
picayne_gulch,abv_animas,,insecta,ephemeroptera,ephemerellidae,ephemerellidae,3,10/4/2016,602,12.5,1.15
animas,abv_cunningham,AaCU,insecta,diptera,chironomidae,eukiefferiella,1,10/4/2016,509,18.75,1.15
mineral_cr,abv_browns_gulch,,insecta,diptera,chironomidae,eukiefferiella_brehmi,2,10/17/2016,576,18.75,1.15
sf_mineral_cr,blw_cg_blw_clear_lake_cr,,insecta,diptera,chironomidae,eukiefferiella_brehmi,2,10/13/2016,285,100,1.15
bear_cr,abv_mineral_cr,BEaM,insecta,diptera,chironomidae,eukiefferiella_brehmi,2,10/12/2016,531,18.75,1.15
burrow_cr,abv_nf_animas,BUaNFA,insecta,diptera,chironomidae,eukiefferiella_brehmi,365,10/7/2016,509,43.75,1.15
picayne_gulch,abv_animas,PICaA,insecta,diptera,chironomidae,eukiefferiella_brehmi,7,10/5/2016,557,7.815,1.15
sf_animas,abv_avalanche,SFAaAV,insecta,diptera,chironomidae,eukiefferiella_brehmi,14,10/8/2016,673,12.5,1.15
eureka_gulch,abv_sf_animas,EUaSFA,insecta,diptera,chironomidae,eukiefferiella_brehmi,1,10/6/2016,547,88,1.15
mineral_cr,abv_mill_cr,MaMIL,insecta,diptera,chironomidae,eukiefferiella_claripennis,7,10/17/2016,397,100,1.15
mill_cr,abv_mineral_cr,MILaM,insecta,diptera,chironomidae,eukiefferiella_claripennis,1,10/17/2016,790,6.25,1.15
mf_mineral_cr,abv_mineral_cr,MFMaM,insecta,diptera,chironomidae,eukiefferiella_claripennis,1,10/14/2016,47,100,1.15
sf_mineral_cr,abv_mineral_cr,SFMaM,insecta,diptera,chironomidae,eukiefferiella_claripennis,8,10/13/2016,510,100,1.15
mineral_cr,abv_animas,MaA,insecta,diptera,chironomidae,eukiefferiella_claripennis,4,10/12/2016,180,100,1.15
burrow_cr,abv_nf_animas,BUaNFA,insecta,diptera,chironomidae,eukiefferiella_claripennis,19,10/7/2016,509,43.75,1.15
sf_animas,abv_eureka_gulch,SFAaEU,insecta,diptera,chironomidae,eukiefferiella_claripennis,34,10/8/2016,501,75,1.15
sf_animas,abv_animas,SFAaA,insecta,diptera,chironomidae,eukiefferiella_claripennis,3,10/6/2016,539,37.5,1.15
picayne_gulch,abv_animas,PICaA,insecta,diptera,chironomidae,eukiefferiella_devonica,3,10/5/2016,557,7.815,1.15
bear_cr,abv_mineral_cr,BEaM,insecta,diptera,chironomidae,eukiefferiella_gracei,4,10/12/2016,531,18.75,1.15
nf_animas,abv_burrow_cr,NFAaBU,insecta,diptera,chironomidae,eukiefferiella_gracei,6,10/7/2016,532,37.5,1.15
maggie_gulch,abv_animas,MAGaA,insecta,diptera,chironomidae,eukiefferiella_gracei,2,10/4/2016,747,6.25,1.15
animas,abv_arrastra_cr,AaARR,insecta,diptera,chironomidae,eukiefferiella_gracei,2,10/2/2016,507,25,1.15
hermosa_cr,abv_ditch,HERaD,insecta,diptera,chironomidae,eukiefferiella_gracei,11,9/30/2016,557,31.5,1.15
nf_animas,abv_burrow_cr,NFAaBU,arachnida,trombidiformes,feltriidae,feltria,1,10/7/2016,532,37.5,1.15
sf_animas,abv_avalanche,SFAaAV,arachnida,trombidiformes,feltriidae,feltria,1,10/8/2016,673,12.5,1.15
animas,abv_minnie,AaMINN,arachnida,trombidiformes,feltriidae,feltria,2,10/11/2016,503,87.5,1.15
hermosa_cr,abv_ditch,HERaD,insecta,plecoptera,perlidae,hesperoperla,7,9/30/2016,557,31.5,1.15
sf_mineral_cr,blw_cg_blw_clear_lake_cr,,insecta,trichoptera,limnephilidae,hesperophylax,5,10/13/2016,285,100,1.15
burrow_cr,abv_nf_animas,BUaNFA,insecta,trichoptera,limnephilidae,hesperophylax,12,10/7/2016,509,43.75,1.15
nf_animas,abv_burrow_cr,NFAaBU,insecta,coleoptera,elmidae,heterlimnius,8,10/7/2016,532,37.5,1.15
nf_animas,abv_wf_animas,NFAaWFA,insecta,coleoptera,elmidae,heterlimnius,1,10/7/2016,12,100,1.15
animas,abv_cunningham,AaCU,insecta,diptera,chironomidae,heterotrissocladius_marcidus,1,10/4/2016,509,18.75,1.15
sf_animas,abv_eureka_gulch,SFAaEU,insecta,diptera,tipulidae,hexatoma,1,10/8/2016,501,75,1.15
mineral_cr,abv_mf_mineral,MaMFM,arachnoidea,hydracarina,hydracarina,hydracarina,1,10/14/2016,120,100,1.15
animas,abv_cunningham,AaCU,insecta,diptera,chironomidae,hydrobaenus,1,10/4/2016,509,18.75,1.15
mineral_cr,abv_sf_mineral,MaSFM,insecta,coleoptera,hydrophilidae,hydrophilidae,2,10/13/2016,90,100,1.15
eureka_gulch,abv_sf_animas,EUaSFA,insecta,coleoptera,hydrophilidae,hydrophilidae,1,10/6/2016,547,88,1.15
hermosa_cr,abv_ditch,HERaD,insecta,trichoptera,hydropsychidae,hydropsyche,133,9/30/2016,557,31.5,1.15
sf_mineral_cr,blw_cg_blw_clear_lake_cr,,insecta,plecoptera,perlodidae,isoperla,12,10/13/2016,285,100,1.15
sf_mineral_cr,abv_mineral_cr,SFMaM,insecta,plecoptera,perlodidae,isoperla,2,10/13/2016,510,100,1.15
bear_cr,abv_mineral_cr,BEaM,insecta,plecoptera,perlodidae,isoperla,4,10/12/2016,531,18.75,1.15
nf_animas,abv_burrow_cr,NFAaBU,insecta,plecoptera,perlodidae,isoperla,5,10/7/2016,532,37.5,1.15
picayne_gulch,abv_animas,PICaA,insecta,plecoptera,perlodidae,isoperla,7,10/5/2016,557,7.815,1.15
eureka_gulch,abv_sf_animas,EUaSFA,insecta,plecoptera,perlodidae,isoperla,1,10/6/2016,547,88,1.15
animas,abv_minnie,AaMINN,insecta,plecoptera,perlodidae,isoperla,4,10/11/2016,503,87.5,1.15
maggie_gulch,abv_animas,MAGaA,insecta,plecoptera,perlodidae,isoperla,2,10/4/2016,747,6.25,1.15
animas,abv_cunningham,AaCU,insecta,plecoptera,perlodidae,isoperla,2,10/4/2016,509,18.75,1.15
picayne_gulch,abv_animas,,insecta,plecoptera,perlodidae,isoperla,12,10/4/2016,602,12.5,1.15
animas,abv_arrastra_cr,AaARR,insecta,plecoptera,perlodidae,isoperla,1,10/2/2016,507,25,1.15
hermosa_cr,abv_ditch,HERaD,insecta,plecoptera,perlodidae,isoperla,6,9/30/2016,557,31.5,1.15
nf_animas,abv_burrow_cr,NFAaBU,insecta,diptera,chironomidae,krenosmittia,1,10/7/2016,532,37.5,1.15
mineral_cr,abv_mill_cr,MaMIL,arachnida,trombidiformes,lebertiidae,lebertia,8,10/17/2016,397,100,1.15
mill_cr,abv_mineral_cr,MILaM,arachnida,trombidiformes,lebertiidae,lebertia,5,10/17/2016,790,6.25,1.15
mineral_cr,abv_browns_gulch,,arachnida,trombidiformes,lebertiidae,lebertia,6,10/17/2016,576,18.75,1.15
mineral_cr,abv_mf_mineral,MaMFM,arachnida,trombidiformes,lebertiidae,lebertia,3,10/14/2016,120,100,1.15
sf_mineral_cr,blw_cg_blw_clear_lake_cr,,arachnida,trombidiformes,lebertiidae,lebertia,1,10/13/2016,285,100,1.15
nf_animas,abv_burrow_cr,NFAaBU,arachnida,trombidiformes,lebertiidae,lebertia,2,10/7/2016,532,37.5,1.15
sf_animas,abv_avalanche,SFAaAV,arachnida,trombidiformes,lebertiidae,lebertia,1,10/8/2016,673,12.5,1.15
eureka_gulch,abv_sf_animas,EUaSFA,arachnida,trombidiformes,lebertiidae,lebertia,6,10/6/2016,547,88,1.15
sf_animas,abv_animas,SFAaA,arachnida,trombidiformes,lebertiidae,lebertia,3,10/6/2016,539,37.5,1.15
animas,abv_minnie,AaMINN,arachnida,trombidiformes,lebertiidae,lebertia,8,10/11/2016,503,87.5,1.15
animas,abv_cunningham,AaCU,arachnida,trombidiformes,lebertiidae,lebertia,6,10/4/2016,509,18.75,1.15
picayne_gulch,abv_animas,,arachnida,trombidiformes,lebertiidae,lebertia,7,10/4/2016,602,12.5,1.15
animas,abv_arrastra_cr,AaARR,arachnida,trombidiformes,lebertiidae,lebertia,11,10/2/2016,507,25,1.15
hermosa_cr,abv_ditch,HERaD,arachnida,trombidiformes,lebertiidae,lebertia,2,9/30/2016,557,31.5,1.15
hermosa_cr,abv_ditch,HERaD,insecta,trichoptera,lepidostomatidae,lepidostoma,1,9/30/2016,557,31.5,1.15
mineral_cr,abv_mill_cr,MaMIL,insecta,trichoptera,limnephilidae,limnephilidae,5,10/17/2016,397,100,1.15
bear_cr,abv_mineral_cr,BEaM,insecta,trichoptera,limnephilidae,limnephilidae,1,10/12/2016,531,18.75,1.15
animas,abv_minnie,AaMINN,insecta,trichoptera,limnephilidae,limnephilidae,1,10/11/2016,503,87.5,1.15
mineral_cr,abv_mill_cr,MaMIL,insecta,plecoptera,perlodidae,megarcys,9,10/17/2016,397,100,1.15
mill_cr,abv_mineral_cr,MILaM,insecta,plecoptera,perlodidae,megarcys,19,10/17/2016,790,6.25,1.15
mineral_cr,abv_browns_gulch,,insecta,plecoptera,perlodidae,megarcys,1,10/17/2016,576,18.75,1.15
sf_mineral_cr,blw_cg_blw_clear_lake_cr,,insecta,plecoptera,perlodidae,megarcys,3,10/13/2016,285,100,1.15
sf_mineral_cr,abv_mineral_cr,SFMaM,insecta,plecoptera,perlodidae,megarcys,1,10/13/2016,510,100,1.15
bear_cr,abv_mineral_cr,BEaM,insecta,plecoptera,perlodidae,megarcys,9,10/12/2016,531,18.75,1.15
nf_animas,abv_burrow_cr,NFAaBU,insecta,plecoptera,perlodidae,megarcys,10,10/7/2016,532,37.5,1.15
nf_animas,abv_wf_animas,NFAaWFA,insecta,plecoptera,perlodidae,megarcys,1,10/7/2016,12,100,1.15
picayne_gulch,abv_animas,PICaA,insecta,plecoptera,perlodidae,megarcys,10,10/5/2016,557,7.815,1.15
animas,abv_eureka,AaEU,insecta,plecoptera,perlodidae,megarcys,1,10/11/2016,260,100,1.15
sf_animas,abv_avalanche,SFAaAV,insecta,plecoptera,perlodidae,megarcys,15,10/8/2016,673,12.5,1.15
eureka_gulch,abv_sf_animas,EUaSFA,insecta,plecoptera,perlodidae,megarcys,15,10/6/2016,547,88,1.15
sf_animas,abv_animas,SFAaA,insecta,plecoptera,perlodidae,megarcys,1,10/6/2016,539,37.5,1.15
animas,abv_minnie,AaMINN,insecta,plecoptera,perlodidae,megarcys,14,10/11/2016,503,87.5,1.15
maggie_gulch,abv_animas,MAGaA,insecta,plecoptera,perlodidae,megarcys,2,10/4/2016,747,6.25,1.15
animas,abv_cunningham,AaCU,insecta,plecoptera,perlodidae,megarcys,2,10/4/2016,509,18.75,1.15
picayne_gulch,abv_animas,,insecta,plecoptera,perlodidae,megarcys,3,10/4/2016,602,12.5,1.15
bear_cr,abv_mineral_cr,BEaM,insecta,diptera,chironomidae,microspectra,88,10/12/2016,531,18.75,1.15
wf_animas,abv_placer_gulch,WFAaPL,insecta,diptera,chironomidae,microspectra,1,10/10/2016,40,100,1.15
maggie_gulch,abv_animas,MAGaA,insecta,diptera,chironomidae,microspectra,5,10/4/2016,747,6.25,1.15
animas,abv_cunningham,AaCU,insecta,diptera,chironomidae,microspectra,1,10/4/2016,509,18.75,1.15
picayne_gulch,abv_animas,,insecta,diptera,chironomidae,microspectra,1,10/4/2016,602,12.5,1.15
animas,abv_arrastra_cr,AaARR,insecta,diptera,chironomidae,microspectra,1,10/2/2016,507,25,1.15
mineral_cr,abv_sf_mineral,MaSFM,arachnida,sarcoptiformes,trhypochthoniidae,mucronothrus,1,10/13/2016,90,100,1.15
animas,abv_minnie,AaMINN,insecta,diptera,chironomidae,nanocladius_parvulus,2,10/11/2016,503,87.5,1.15
picayne_gulch,abv_animas,,insecta,trichoptera,uenoidae,neophylax,2,10/4/2016,602,12.5,1.15
bear_cr,abv_mineral_cr,BEaM,insecta,trichoptera,uenoidae,neophylax,12,10/12/2016,531,18.75,1.15
nf_animas,abv_burrow_cr,NFAaBU,insecta,trichoptera,uenoidae,neophylax,8,10/7/2016,532,37.5,1.15
picayne_gulch,abv_animas,PICaA,insecta,trichoptera,uenoidae,neophylax,1,10/5/2016,557,7.815,1.15
sf_animas,abv_avalanche,SFAaAV,insecta,trichoptera,uenoidae,neophylax,13,10/8/2016,673,12.5,1.15
maggie_gulch,abv_animas,MAGaA,insecta,trichoptera,uenoidae,neophylax,7,10/4/2016,747,6.25,1.15
animas,abv_cunningham,AaCU,insecta,trichoptera,uenoidae,neophylax,3,10/4/2016,509,18.75,1.15
mineral_cr,abv_mill_cr,MaMIL,insecta,diptera,empididae,neoplasta,3,10/17/2016,397,100,1.15
mf_mineral_cr,abv_mineral_cr,MFMaM,insecta,diptera,empididae,neoplasta,2,10/14/2016,47,100,1.15
picayne_gulch,abv_animas,,insecta,diptera,empididae,neoplasta,2,10/4/2016,602,12.5,1.15
sf_mineral_cr,blw_cg_blw_clear_lake_cr,,insecta,trichoptera,uenoidae,neothremma,1,10/13/2016,285,100,1.15
hermosa_cr,abv_ditch,HERaD,insecta,trichoptera,leptoceridae,oecetis,1,9/30/2016,557,31.5,1.15
mineral_cr,abv_mill_cr,MaMIL,oligochaeta,,,oligochaeta,1,10/17/2016,397,100,1.15
mill_cr,abv_mineral_cr,MILaM,oligochaeta,,,oligochaeta,1,10/17/2016,790,6.25,1.15
bear_cr,abv_mineral_cr,BEaM,oligochaeta,,,oligochaeta,2,10/12/2016,531,18.75,1.15
nf_animas,abv_burrow_cr,NFAaBU,oligochaeta,,,oligochaeta,3,10/7/2016,532,37.5,1.15
burrow_cr,abv_nf_animas,BUaNFA,oligochaeta,,,oligochaeta,1,10/7/2016,509,43.75,1.15
nf_animas,abv_wf_animas,NFAaWFA,oligochaeta,,,oligochaeta,1,10/7/2016,12,100,1.15
wf_animas,abv_placer_gulch,WFAaPL,oligochaeta,,,oligochaeta,2,10/10/2016,40,100,1.15
picayne_gulch,abv_animas,PICaA,oligochaeta,,,oligochaeta,1,10/5/2016,557,7.815,1.15
sf_animas,abv_avalanche,SFAaAV,oligochaeta,,,oligochaeta,1,10/8/2016,673,12.5,1.15
eureka_gulch,abv_sf_animas,EUaSFA,oligochaeta,,,oligochaeta,1,10/6/2016,547,88,1.15
maggie_gulch,abv_animas,MAGaA,oligochaeta,,,oligochaeta,1,10/4/2016,747,6.25,1.15
hermosa_cr,abv_ditch,HERaD,oligochaeta,,,oligochaeta,15,9/30/2016,557,31.5,1.15
picayne_gulch,abv_animas,,insecta,trichoptera,uenoidae,oligophlebodes,2,10/4/2016,602,12.5,1.15
hermosa_cr,abv_ditch,HERaD,insecta,coleoptera,elmidae,optioservus,7,9/30/2016,557,31.5,1.15
mineral_cr,abv_mill_cr,MaMIL,insecta,diptera,empididae,oreogeton,11,10/17/2016,397,100,1.15
mill_cr,abv_mineral_cr,MILaM,insecta,diptera,empididae,oreogeton,1,10/17/2016,790,6.25,1.15
sf_mineral_cr,blw_cg_blw_clear_lake_cr,,insecta,diptera,empididae,oreogeton,2,10/13/2016,285,100,1.15
maggie_gulch,abv_animas,MAGaA,insecta,diptera,empididae,oreogeton,4,10/4/2016,747,6.25,1.15
mf_mineral_cr,abv_mineral_cr,MFMaM,insecta,diptera,tipulidae,ormosia,1,10/14/2016,47,100,1.15
mineral_cr,abv_sf_mineral,MaSFM,insecta,diptera,tipulidae,ormosia,1,10/13/2016,90,100,1.15
mill_cr,abv_mineral_cr,MILaM,ostracoda,,,ostracoda,5,10/17/2016,790,6.25,1.15
mineral_cr,abv_browns_gulch,,ostracoda,,,ostracoda,2,10/17/2016,576,18.75,1.15
sf_mineral_cr,blw_cg_blw_clear_lake_cr,,ostracoda,,,ostracoda,6,10/13/2016,285,100,1.15
sf_mineral_cr,abv_mineral_cr,SFMaM,ostracoda,,,ostracoda,16,10/13/2016,510,100,1.15
bear_cr,abv_mineral_cr,BEaM,ostracoda,,,ostracoda,15,10/12/2016,531,18.75,1.15
nf_animas,abv_burrow_cr,NFAaBU,ostracoda,,,ostracoda,1,10/7/2016,532,37.5,1.15
wf_animas,abv_placer_gulch,WFAaPL,ostracoda,,,ostracoda,9,10/10/2016,40,100,1.15
picayne_gulch,abv_animas,PICaA,ostracoda,,,ostracoda,5,10/5/2016,557,7.815,1.15
sf_animas,abv_avalanche,SFAaAV,ostracoda,,,ostracoda,18,10/8/2016,673,12.5,1.15
eureka_gulch,abv_sf_animas,EUaSFA,ostracoda,,,ostracoda,2,10/6/2016,547,88,1.15
maggie_gulch,abv_animas,MAGaA,ostracoda,,,ostracoda,3,10/4/2016,747,6.25,1.15
animas,abv_cunningham,AaCU,ostracoda,,,ostracoda,3,10/4/2016,509,18.75,1.15
picayne_gulch,abv_animas,,ostracoda,,,ostracoda,2,10/4/2016,602,12.5,1.15
picayne_gulch,abv_animas,PICaA,insecta,diptera,chironomidae,pagastia,1,10/5/2016,557,7.815,1.15
eureka_gulch,abv_sf_animas,EUaSFA,insecta,diptera,chironomidae,pagastia,1,10/6/2016,547,88,1.15
animas,abv_minnie,AaMINN,insecta,diptera,chironomidae,pagastia,4,10/11/2016,503,87.5,1.15
animas,abv_cunningham,AaCU,insecta,diptera,chironomidae,pagastia,2,10/4/2016,509,18.75,1.15
hermosa_cr,abv_ditch,HERaD,insecta,diptera,chironomidae,pagastia,1,9/30/2016,557,31.5,1.15
hermosa_cr,abv_ditch,HERaD,insecta,ephemeroptera,leptophlebiidae,paraleptophlebia,15,9/30/2016,557,31.5,1.15
sf_mineral_cr,blw_cg_blw_clear_lake_cr,,insecta,plecoptera,leuctridae,paraleuctra,2,10/13/2016,285,100,1.15
picayne_gulch,abv_animas,PICaA,insecta,plecoptera,leuctridae,paraleuctra,7,10/5/2016,557,7.815,1.15
sf_animas,abv_avalanche,SFAaAV,insecta,plecoptera,leuctridae,paraleuctra,2,10/8/2016,673,12.5,1.15
sf_animas,abv_avalanche,SFAaAV,insecta,diptera,chironomidae,parametriocnemus,2,10/8/2016,673,12.5,1.15
maggie_gulch,abv_animas,MAGaA,insecta,diptera,chironomidae,parametriocnemus,1,10/4/2016,747,6.25,1.15
animas,abv_arrastra_cr,AaARR,insecta,diptera,chironomidae,parametriocnemus,1,10/2/2016,507,25,1.15
hermosa_cr,abv_ditch,HERaD,insecta,diptera,chironomidae,parametriocnemus,2,9/30/2016,557,31.5,1.15
burrow_cr,abv_nf_animas,BUaNFA,insecta,diptera,chironomidae,parochlus,2,10/7/2016,509,43.75,1.15
bear_cr,abv_mineral_cr,BEaM,insecta,diptera,psychodidae,pericoma,1,10/12/2016,531,18.75,1.15
nf_animas,abv_burrow_cr,NFAaBU,insecta,diptera,psychodidae,pericoma,4,10/7/2016,532,37.5,1.15
maggie_gulch,abv_animas,MAGaA,insecta,diptera,psychodidae,pericoma,81,10/4/2016,747,6.25,1.15
picayne_gulch,abv_animas,,insecta,diptera,psychodidae,pericoma,18,10/4/2016,602,12.5,1.15
animas,abv_arrastra_cr,AaARR,insecta,diptera,psychodidae,pericoma,1,10/2/2016,507,25,1.15
hermosa_cr,abv_ditch,HERaD,insecta,diptera,psychodidae,pericoma,2,9/30/2016,557,31.5,1.15
sf_animas,abv_avalanche,SFAaAV,insecta,plecoptera,perlodidae,perlinodes_aurea,2,10/8/2016,673,12.5,1.15
sf_mineral_cr,abv_mineral_cr,SFMaM,insecta,plecoptera,nemouridae,podmosta,24,10/13/2016,510,100,1.15
eureka_gulch,abv_sf_animas,EUaSFA,insecta,diptera,simuliidae,prosimulium,3,10/6/2016,547,88,1.15
hermosa_cr,abv_ditch,HERaD,insecta,diptera,simuliidae,prosimulium,11,9/30/2016,557,31.5,1.15
sf_animas,abv_avalanche,SFAaAV,arachnida,trombidiformes,hydryphantoidea,protiza,1,10/8/2016,673,12.5,1.15
sf_animas,abv_eureka_gulch,SFAaEU,arachnida,trombidiformes,hydryphantoidea,protiza,1,10/8/2016,501,75,1.15
mf_mineral_cr,abv_mineral_cr,MFMaM,insecta,diptera,chironomidae,pseudodiamesa,2,10/14/2016,47,100,1.15
mill_cr,abv_mineral_cr,MILaM,insecta,trichoptera,limnephilidae,psychoglypha,35,10/17/2016,790,6.25,1.15
mineral_cr,abv_mf_mineral,MaMFM,insecta,trichoptera,limnephilidae,psychoglypha,1,10/14/2016,120,100,1.15
mf_mineral_cr,abv_mineral_cr,MFMaM,insecta,trichoptera,limnephilidae,psychoglypha,3,10/14/2016,47,100,1.15
mineral_cr,abv_sf_mineral,MaSFM,insecta,trichoptera,limnephilidae,psychoglypha,1,10/13/2016,90,100,1.15
mineral_cr,abv_animas,MaA,insecta,trichoptera,limnephilidae,psychoglypha,1,10/12/2016,180,100,1.15
burrow_cr,abv_nf_animas,BUaNFA,insecta,trichoptera,limnephilidae,psychoronia,12,10/7/2016,509,43.75,1.15
hermosa_cr,abv_ditch,HERaD,insecta,plecoptera,pteronarcyidae,pteronarcella,7,9/30/2016,557,31.5,1.15
burrow_cr,abv_nf_animas,BUaNFA,insecta,diptera,chironomidae,rheotanytarsus,23,10/7/2016,509,43.75,1.15
hermosa_cr,abv_ditch,HERaD,insecta,diptera,chironomidae,rheotanytarsus,2,9/30/2016,557,31.5,1.15
mineral_cr,abv_mill_cr,MaMIL,insecta,ephemeroptera,heptageniidae,rhithrogena,5,10/17/2016,397,100,1.15
mill_cr,abv_mineral_cr,MILaM,insecta,ephemeroptera,heptageniidae,rhithrogena,7,10/17/2016,790,6.25,1.15
mineral_cr,abv_browns_gulch,,insecta,ephemeroptera,heptageniidae,rhithrogena,23,10/17/2016,576,18.75,1.15
sf_mineral_cr,blw_cg_blw_clear_lake_cr,,insecta,ephemeroptera,heptageniidae,rhithrogena,8,10/13/2016,285,100,1.15
bear_cr,abv_mineral_cr,BEaM,insecta,ephemeroptera,heptageniidae,rhithrogena,54,10/12/2016,531,18.75,1.15
mineral_cr,abv_animas,MaA,insecta,ephemeroptera,heptageniidae,rhithrogena,1,10/12/2016,180,100,1.15
nf_animas,abv_burrow_cr,NFAaBU,insecta,ephemeroptera,heptageniidae,rhithrogena,46,10/7/2016,532,37.5,1.15
picayne_gulch,abv_animas,PICaA,insecta,ephemeroptera,heptageniidae,rhithrogena,21,10/5/2016,557,7.815,1.15
animas,abv_eureka,AaEU,insecta,ephemeroptera,heptageniidae,rhithrogena,1,10/11/2016,260,100,1.15
sf_animas,abv_avalanche,SFAaAV,insecta,ephemeroptera,heptageniidae,rhithrogena,175,10/8/2016,673,12.5,1.15
sf_animas,abv_eureka_gulch,SFAaEU,insecta,ephemeroptera,heptageniidae,rhithrogena,2,10/8/2016,501,75,1.15
eureka_gulch,abv_sf_animas,EUaSFA,insecta,ephemeroptera,heptageniidae,rhithrogena,36,10/6/2016,547,88,1.15
sf_animas,abv_animas,SFAaA,insecta,ephemeroptera,heptageniidae,rhithrogena,37,10/6/2016,539,37.5,1.15
animas,abv_minnie,AaMINN,insecta,ephemeroptera,heptageniidae,rhithrogena,10,10/11/2016,503,87.5,1.15
maggie_gulch,abv_animas,MAGaA,insecta,ephemeroptera,heptageniidae,rhithrogena,22,10/4/2016,747,6.25,1.15
animas,abv_cunningham,AaCU,insecta,ephemeroptera,heptageniidae,rhithrogena,51,10/4/2016,509,18.75,1.15
picayne_gulch,abv_animas,,insecta,ephemeroptera,heptageniidae,rhithrogena,19,10/4/2016,602,12.5,1.15
animas,abv_arrastra_cr,AaARR,insecta,ephemeroptera,heptageniidae,rhithrogena,28,10/2/2016,507,25,1.15
hermosa_cr,abv_ditch,HERaD,insecta,ephemeroptera,heptageniidae,rhithrogena,2,9/30/2016,557,31.5,1.15
sf_mineral_cr,abv_mineral_cr,SFMaM,insecta,trichoptera,rhyacophilidae,rhyacophila_brunnea,5,10/13/2016,510,100,1.15
picayne_gulch,abv_animas,,insecta,trichoptera,rhyacophilidae,rhyacophila_brunnea,2,10/4/2016,602,12.5,1.15
mineral_cr,abv_mill_cr,MaMIL,insecta,trichoptera,rhyacophilidae,rhyacophila_hyalinata,92,10/17/2016,397,100,1.15
mill_cr,abv_mineral_cr,MILaM,insecta,trichoptera,rhyacophilidae,rhyacophila_hyalinata,20,10/17/2016,790,6.25,1.15
mineral_cr,abv_browns_gulch,,insecta,trichoptera,rhyacophilidae,rhyacophila_hyalinata,25,10/17/2016,576,18.75,1.15
mineral_cr,abv_mf_mineral,MaMFM,insecta,trichoptera,rhyacophilidae,rhyacophila_hyalinata,6,10/14/2016,120,100,1.15
sf_mineral_cr,blw_cg_blw_clear_lake_cr,,insecta,trichoptera,rhyacophilidae,rhyacophila_hyalinata,1,10/13/2016,285,100,1.15
bear_cr,abv_mineral_cr,BEaM,insecta,trichoptera,rhyacophilidae,rhyacophila_hyalinata,19,10/12/2016,531,18.75,1.15
nf_animas,abv_burrow_cr,NFAaBU,insecta,trichoptera,rhyacophilidae,rhyacophila_hyalinata,7,10/7/2016,532,37.5,1.15
nf_animas,abv_wf_animas,NFAaWFA,insecta,trichoptera,rhyacophilidae,rhyacophila_hyalinata,1,10/7/2016,12,100,1.15
picayne_gulch,abv_animas,PICaA,insecta,trichoptera,rhyacophilidae,rhyacophila_hyalinata,12,10/5/2016,557,7.815,1.15
animas,abv_eureka,AaEU,insecta,trichoptera,rhyacophilidae,rhyacophila_hyalinata,6,10/11/2016,260,100,1.15
sf_animas,abv_avalanche,SFAaAV,insecta,trichoptera,rhyacophilidae,rhyacophila_hyalinata,8,10/8/2016,673,12.5,1.15
sf_animas,abv_eureka_gulch,SFAaEU,insecta,trichoptera,rhyacophilidae,rhyacophila_hyalinata,6,10/8/2016,501,75,1.15
sf_animas,abv_animas,SFAaA,insecta,trichoptera,rhyacophilidae,rhyacophila_hyalinata,5,10/6/2016,539,37.5,1.15
animas,abv_minnie,AaMINN,insecta,trichoptera,rhyacophilidae,rhyacophila_hyalinata,3,10/11/2016,503,87.5,1.15
maggie_gulch,abv_animas,MAGaA,insecta,trichoptera,rhyacophilidae,rhyacophila_hyalinata,22,10/4/2016,747,6.25,1.15
animas,abv_cunningham,AaCU,insecta,trichoptera,rhyacophilidae,rhyacophila_hyalinata,1,10/4/2016,509,18.75,1.15
picayne_gulch,abv_animas,,insecta,trichoptera,rhyacophilidae,rhyacophila_hyalinata,1,10/4/2016,602,12.5,1.15
animas,abv_arrastra_cr,AaARR,insecta,trichoptera,rhyacophilidae,rhyacophila_hyalinata,2,10/2/2016,507,25,1.15
sf_mineral_cr,abv_mineral_cr,SFMaM,insecta,trichoptera,rhyacophilidae,rhyacophila_nevadensis,5,10/13/2016,510,100,1.15
animas,abv_eureka,AaEU,insecta,trichoptera,rhyacophilidae,rhyacophila_nevadensis,5,10/11/2016,260,100,1.15
animas,abv_minnie,AaMINN,insecta,trichoptera,rhyacophilidae,rhyacophila_nevadensis,3,10/11/2016,503,87.5,1.15
animas,abv_arrastra_cr,AaARR,insecta,trichoptera,rhyacophilidae,rhyacophila_nevadensis,12,10/2/2016,507,25,1.15
hermosa_cr,abv_ditch,HERaD,insecta,trichoptera,rhyacophilidae,rhyacophila_nevadensis,17,9/30/2016,557,31.5,1.15
bear_cr,abv_mineral_cr,BEaM,insecta,trichoptera,rhyacophilidae,rhyacophila_sibirica,14,10/12/2016,531,18.75,1.15
nf_animas,abv_burrow_cr,NFAaBU,insecta,trichoptera,rhyacophilidae,rhyacophila_sibirica,1,10/7/2016,532,37.5,1.15
picayne_gulch,abv_animas,PICaA,insecta,trichoptera,rhyacophilidae,rhyacophila_sibirica,5,10/5/2016,557,7.815,1.15
sf_animas,abv_avalanche,SFAaAV,insecta,trichoptera,rhyacophilidae,rhyacophila_sibirica,2,10/8/2016,673,12.5,1.15
sf_animas,abv_eureka_gulch,SFAaEU,insecta,trichoptera,rhyacophilidae,rhyacophila_sibirica,19,10/8/2016,501,75,1.15
eureka_gulch,abv_sf_animas,EUaSFA,insecta,trichoptera,rhyacophilidae,rhyacophila_sibirica,44,10/6/2016,547,88,1.15
maggie_gulch,abv_animas,MAGaA,insecta,trichoptera,rhyacophilidae,rhyacophila_sibirica,69,10/4/2016,747,6.25,1.15
picayne_gulch,abv_animas,,insecta,trichoptera,rhyacophilidae,rhyacophila_sibirica,68,10/4/2016,602,12.5,1.15
maggie_gulch,abv_animas,MAGaA,insecta,trichoptera,rhyacophilidae,rhyacophila_sibirica_atrata,2,10/4/2016,747,6.25,1.15
picayne_gulch,abv_animas,,insecta,trichoptera,rhyacophilidae,rhyacophila_sibirica_atrata,4,10/4/2016,602,12.5,1.15
animas,abv_arrastra_cr,AaARR,insecta,trichoptera,rhyacophilidae,rhyacophila_sibirica_atrata,1,10/2/2016,507,25,1.15
mf_mineral_cr,abv_mineral_cr,MFMaM,insecta,trichoptera,rhyacophilidae,rhyacophila_sibrica,4,10/14/2016,47,100,1.15
sf_mineral_cr,blw_cg_blw_clear_lake_cr,,insecta,trichoptera,rhyacophilidae,rhyacophila_sibrica,1,10/13/2016,285,100,1.15
mineral_cr,abv_animas,MaA,insecta,trichoptera,rhyacophilidae,rhyacophila_sibrica,3,10/12/2016,180,100,1.15
sf_mineral_cr,blw_cg_blw_clear_lake_cr,,insecta,trichoptera,rhyacophilidae,rhyacophila_sibrica_atrata,1,10/13/2016,285,100,1.15
sf_mineral_cr,abv_mineral_cr,SFMaM,insecta,trichoptera,rhyacophilidae,rhyacophila_sibrica_atrata,4,10/13/2016,510,100,1.15
mineral_cr,abv_mill_cr,MaMIL,insecta,trichoptera,rhyacophilidae,rhyacophila_vofixa,7,10/17/2016,397,100,1.15
mf_mineral_cr,abv_mineral_cr,MFMaM,insecta,trichoptera,rhyacophilidae,rhyacophila_vofixa,2,10/14/2016,47,100,1.15
sf_mineral_cr,blw_cg_blw_clear_lake_cr,,insecta,trichoptera,rhyacophilidae,rhyacophila_vofixa,1,10/13/2016,285,100,1.15
bear_cr,abv_mineral_cr,BEaM,insecta,trichoptera,rhyacophilidae,rhyacophila_vofixa,1,10/12/2016,531,18.75,1.15
nf_animas,abv_burrow_cr,NFAaBU,insecta,trichoptera,rhyacophilidae,rhyacophila_vofixa,15,10/7/2016,532,37.5,1.15
wf_animas,abv_placer_gulch,WFAaPL,insecta,trichoptera,rhyacophilidae,rhyacophila_vofixa,2,10/10/2016,40,100,1.15
picayne_gulch,abv_animas,PICaA,insecta,trichoptera,rhyacophilidae,rhyacophila_vofixa,5,10/5/2016,557,7.815,1.15
sf_animas,abv_avalanche,SFAaAV,insecta,trichoptera,rhyacophilidae,rhyacophila_vofixa,2,10/8/2016,673,12.5,1.15
sf_animas,abv_eureka_gulch,SFAaEU,insecta,trichoptera,rhyacophilidae,rhyacophila_vofixa,6,10/8/2016,501,75,1.15
eureka_gulch,abv_sf_animas,EUaSFA,insecta,trichoptera,rhyacophilidae,rhyacophila_vofixa,36,10/6/2016,547,88,1.15
sf_animas,abv_animas,SFAaA,insecta,trichoptera,rhyacophilidae,rhyacophila_vofixa,31,10/6/2016,539,37.5,1.15
bear_cr,abv_mineral_cr,BEaM,insecta,diptera,simuliidae,simulium,2,10/12/2016,531,18.75,1.15
animas,abv_cunningham,AaCU,insecta,diptera,simuliidae,simulium,1,10/4/2016,509,18.75,1.15
picayne_gulch,abv_animas,,insecta,diptera,simuliidae,simulium,10,10/4/2016,602,12.5,1.15
animas,abv_arrastra_cr,AaARR,insecta,diptera,simuliidae,simulium,155,10/2/2016,507,25,1.15
mineral_cr,abv_mill_cr,MaMIL,arachnida,trombidiformes,sperchonidae,sperchon,16,10/17/2016,397,100,1.15
mill_cr,abv_mineral_cr,MILaM,arachnida,trombidiformes,sperchonidae,sperchon,8,10/17/2016,790,6.25,1.15
mineral_cr,abv_browns_gulch,,arachnida,trombidiformes,sperchonidae,sperchon,3,10/17/2016,576,18.75,1.15
mineral_cr,abv_mf_mineral,MaMFM,arachnida,trombidiformes,sperchonidae,sperchon,3,10/14/2016,120,100,1.15
bear_cr,abv_mineral_cr,BEaM,arachnida,trombidiformes,sperchonidae,sperchon,17,10/12/2016,531,18.75,1.15
nf_animas,abv_burrow_cr,NFAaBU,arachnida,trombidiformes,sperchonidae,sperchon,9,10/7/2016,532,37.5,1.15
burrow_cr,abv_nf_animas,BUaNFA,arachnida,trombidiformes,sperchonidae,sperchon,1,10/7/2016,509,43.75,1.15
picayne_gulch,abv_animas,PICaA,arachnida,trombidiformes,sperchonidae,sperchon,8,10/5/2016,557,7.815,1.15
sf_animas,abv_avalanche,SFAaAV,arachnida,trombidiformes,sperchonidae,sperchon,9,10/8/2016,673,12.5,1.15
sf_animas,abv_eureka_gulch,SFAaEU,arachnida,trombidiformes,sperchonidae,sperchon,2,10/8/2016,501,75,1.15
eureka_gulch,abv_sf_animas,EUaSFA,arachnida,trombidiformes,sperchonidae,sperchon,6,10/6/2016,547,88,1.15
sf_animas,abv_animas,SFAaA,arachnida,trombidiformes,sperchonidae,sperchon,2,10/6/2016,539,37.5,1.15
animas,abv_minnie,AaMINN,arachnida,trombidiformes,sperchonidae,sperchon,12,10/11/2016,503,87.5,1.15
maggie_gulch,abv_animas,MAGaA,arachnida,trombidiformes,sperchonidae,sperchon,6,10/4/2016,747,6.25,1.15
animas,abv_cunningham,AaCU,arachnida,trombidiformes,sperchonidae,sperchon,5,10/4/2016,509,18.75,1.15
picayne_gulch,abv_animas,,arachnida,trombidiformes,sperchonidae,sperchon,3,10/4/2016,602,12.5,1.15
animas,abv_arrastra_cr,AaARR,arachnida,trombidiformes,sperchonidae,sperchon,5,10/2/2016,507,25,1.15
hermosa_cr,abv_ditch,HERaD,arachnida,trombidiformes,sperchonidae,sperchon,3,9/30/2016,557,31.5,1.15
picayne_gulch,abv_animas,PICaA,insecta,plecoptera,chloroperlidae,suwalia,6,10/5/2016,557,7.815,1.15
mineral_cr,abv_mill_cr,MaMIL,insecta,plecoptera,chloroperlidae,suwallia,47,10/17/2016,397,100,1.15
mill_cr,abv_mineral_cr,MILaM,insecta,plecoptera,chloroperlidae,suwallia,4,10/17/2016,790,6.25,1.15
mineral_cr,abv_browns_gulch,,insecta,plecoptera,chloroperlidae,suwallia,1,10/17/2016,576,18.75,1.15
sf_mineral_cr,blw_cg_blw_clear_lake_cr,,insecta,plecoptera,chloroperlidae,suwallia,16,10/13/2016,285,100,1.15
sf_mineral_cr,abv_mineral_cr,SFMaM,insecta,plecoptera,chloroperlidae,suwallia,1,10/13/2016,510,100,1.15
bear_cr,abv_mineral_cr,BEaM,insecta,plecoptera,chloroperlidae,suwallia,16,10/12/2016,531,18.75,1.15
nf_animas,abv_burrow_cr,NFAaBU,insecta,plecoptera,chloroperlidae,suwallia,4,10/7/2016,532,37.5,1.15
placer_gulch,abv_wf_animas,PLaWFA,insecta,plecoptera,chloroperlidae,suwallia,1,10/10/2016,35,100,1.15
sf_animas,abv_avalanche,SFAaAV,insecta,plecoptera,chloroperlidae,suwallia,7,10/8/2016,673,12.5,1.15
sf_animas,abv_eureka_gulch,SFAaEU,insecta,plecoptera,chloroperlidae,suwallia,11,10/8/2016,501,75,1.15
eureka_gulch,abv_sf_animas,EUaSFA,insecta,plecoptera,chloroperlidae,suwallia,31,10/6/2016,547,88,1.15
sf_animas,abv_animas,SFAaA,insecta,plecoptera,chloroperlidae,suwallia,10,10/6/2016,539,37.5,1.15
animas,abv_minnie,AaMINN,insecta,plecoptera,chloroperlidae,suwallia,2,10/11/2016,503,87.5,1.15
maggie_gulch,abv_animas,MAGaA,insecta,plecoptera,chloroperlidae,suwallia,13,10/4/2016,747,6.25,1.15
animas,abv_cunningham,AaCU,insecta,plecoptera,chloroperlidae,suwallia,2,10/4/2016,509,18.75,1.15
picayne_gulch,abv_animas,,insecta,plecoptera,chloroperlidae,suwallia,3,10/4/2016,602,12.5,1.15
animas,abv_arrastra_cr,AaARR,insecta,plecoptera,chloroperlidae,suwallia,1,10/2/2016,507,25,1.15
mineral_cr,abv_mill_cr,MaMIL,insecta,plecoptera,chloroperlidae,sweltsa,3,10/17/2016,397,100,1.15
mineral_cr,abv_browns_gulch,,insecta,plecoptera,chloroperlidae,sweltsa,4,10/17/2016,576,18.75,1.15
sf_mineral_cr,blw_cg_blw_clear_lake_cr,,insecta,plecoptera,chloroperlidae,sweltsa,8,10/13/2016,285,100,1.15
nf_animas,abv_burrow_cr,NFAaBU,insecta,plecoptera,chloroperlidae,sweltsa,8,10/7/2016,532,37.5,1.15
picayne_gulch,abv_animas,PICaA,insecta,plecoptera,chloroperlidae,sweltsa,2,10/5/2016,557,7.815,1.15
animas,abv_eureka,AaEU,insecta,plecoptera,chloroperlidae,sweltsa,1,10/11/2016,260,100,1.15
sf_animas,abv_avalanche,SFAaAV,insecta,plecoptera,chloroperlidae,sweltsa,3,10/8/2016,673,12.5,1.15
eureka_gulch,abv_sf_animas,EUaSFA,insecta,plecoptera,chloroperlidae,sweltsa,13,10/6/2016,547,88,1.15
animas,abv_minnie,AaMINN,insecta,plecoptera,chloroperlidae,sweltsa,1,10/11/2016,503,87.5,1.15
maggie_gulch,abv_animas,MAGaA,insecta,plecoptera,chloroperlidae,sweltsa,2,10/4/2016,747,6.25,1.15
animas,abv_cunningham,AaCU,insecta,plecoptera,chloroperlidae,sweltsa,3,10/4/2016,509,18.75,1.15
picayne_gulch,abv_animas,,insecta,plecoptera,chloroperlidae,sweltsa,2,10/4/2016,602,12.5,1.15
animas,abv_arrastra_cr,AaARR,insecta,plecoptera,chloroperlidae,sweltsa,1,10/2/2016,507,25,1.15
hermosa_cr,abv_ditch,HERaD,insecta,plecoptera,chloroperlidae,sweltsa,5,9/30/2016,557,31.5,1.15
mineral_cr,abv_mill_cr,MaMIL,insecta,plecoptera,taeniopterygidae,taenionema,69,10/17/2016,397,100,1.15
mill_cr,abv_mineral_cr,MILaM,insecta,plecoptera,taeniopterygidae,taenionema,162,10/17/2016,790,6.25,1.15
mineral_cr,abv_browns_gulch,,insecta,plecoptera,taeniopterygidae,taenionema,370,10/17/2016,576,18.75,1.15
mineral_cr,abv_mf_mineral,MaMFM,insecta,plecoptera,taeniopterygidae,taenionema,9,10/14/2016,120,100,1.15
mf_mineral_cr,abv_mineral_cr,MFMaM,insecta,plecoptera,taeniopterygidae,taenionema,2,10/14/2016,47,100,1.15
mineral_cr,abv_sf_mineral,MaSFM,insecta,plecoptera,taeniopterygidae,taenionema,3,10/13/2016,90,100,1.15
sf_mineral_cr,blw_cg_blw_clear_lake_cr,,insecta,plecoptera,taeniopterygidae,taenionema,82,10/13/2016,285,100,1.15
sf_mineral_cr,abv_mineral_cr,SFMaM,insecta,plecoptera,taeniopterygidae,taenionema,120,10/13/2016,510,100,1.15
bear_cr,abv_mineral_cr,BEaM,insecta,plecoptera,taeniopterygidae,taenionema,94,10/12/2016,531,18.75,1.15
mineral_cr,abv_animas,MaA,insecta,plecoptera,taeniopterygidae,taenionema,21,10/12/2016,180,100,1.15
nf_animas,abv_burrow_cr,NFAaBU,insecta,plecoptera,taeniopterygidae,taenionema,85,10/7/2016,532,37.5,1.15
picayne_gulch,abv_animas,PICaA,insecta,plecoptera,taeniopterygidae,taenionema,307,10/5/2016,557,7.815,1.15
animas,abv_eureka,AaEU,insecta,plecoptera,taeniopterygidae,taenionema,46,10/11/2016,260,100,1.15
sf_animas,abv_avalanche,SFAaAV,insecta,plecoptera,taeniopterygidae,taenionema,166,10/8/2016,673,12.5,1.15
sf_animas,abv_eureka_gulch,SFAaEU,insecta,plecoptera,taeniopterygidae,taenionema,3,10/8/2016,501,75,1.15
eureka_gulch,abv_sf_animas,EUaSFA,insecta,plecoptera,taeniopterygidae,taenionema,67,10/6/2016,547,88,1.15
sf_animas,abv_animas,SFAaA,insecta,plecoptera,taeniopterygidae,taenionema,168,10/6/2016,539,37.5,1.15
animas,abv_minnie,AaMINN,insecta,plecoptera,taeniopterygidae,taenionema,78,10/11/2016,503,87.5,1.15
maggie_gulch,abv_animas,MAGaA,insecta,plecoptera,taeniopterygidae,taenionema,380,10/4/2016,747,6.25,1.15
animas,abv_cunningham,AaCU,insecta,plecoptera,taeniopterygidae,taenionema,202,10/4/2016,509,18.75,1.15
picayne_gulch,abv_animas,,insecta,plecoptera,taeniopterygidae,taenionema,237,10/4/2016,602,12.5,1.15
animas,abv_arrastra_cr,AaARR,insecta,plecoptera,taeniopterygidae,taenionema,24,10/2/2016,507,25,1.15
hermosa_cr,abv_ditch,HERaD,insecta,plecoptera,taeniopterygidae,taenionema,2,9/30/2016,557,31.5,1.15
nf_animas,abv_wf_animas,NFAaWFA,insecta,diptera,chironomidae,tanypodinae,1,10/7/2016,12,100,1.15
nf_animas,abv_burrow_cr,NFAaBU,insecta,diptera,chironomidae,tanytarsus,2,10/7/2016,532,37.5,1.15
picayne_gulch,abv_animas,PICaA,insecta,diptera,chironomidae,tanytarsus,5,10/5/2016,557,7.815,1.15
maggie_gulch,abv_animas,MAGaA,insecta,diptera,chironomidae,tanytarsus,5,10/4/2016,747,6.25,1.15
burrow_cr,abv_nf_animas,BUaNFA,insecta,diptera,chironomidae,thienemanniella_xena,27,10/7/2016,509,43.75,1.15
hermosa_cr,abv_ditch,HERaD,insecta,diptera,chironomidae,thiennemannimyia,2,9/30/2016,557,31.5,1.15
nf_animas,abv_burrow_cr,NFAaBU,insecta,diptera,tipulidae,tipula,1,10/7/2016,532,37.5,1.15
wf_animas,abv_placer_gulch,WFAaPL,insecta,diptera,tipulidae,tipula,1,10/10/2016,40,100,1.15
eureka_gulch,abv_sf_animas,EUaSFA,insecta,diptera,tipulidae,tipula,3,10/6/2016,547,88,1.15
picayne_gulch,abv_animas,,insecta,diptera,tipulidae,tipulidae,1,10/4/2016,602,12.5,1.15
hermosa_cr,abv_ditch,HERaD,arachnida,trombidiformes,torrenticolidae,torrenticola,2,9/30/2016,557,31.5,1.15
mineral_cr,abv_mill_cr,MaMIL,turbellaria,,,turbellaria,65,10/17/2016,397,100,1.15
mill_cr,abv_mineral_cr,MILaM,turbellaria,,,turbellaria,28,10/17/2016,790,6.25,1.15
mineral_cr,abv_browns_gulch,,turbellaria,,,turbellaria,15,10/17/2016,576,18.75,1.15
mineral_cr,abv_mf_mineral,MaMFM,turbellaria,,,turbellaria,2,10/14/2016,120,100,1.15
sf_mineral_cr,blw_cg_blw_clear_lake_cr,,turbellaria,,,turbellaria,1,10/13/2016,285,100,1.15
bear_cr,abv_mineral_cr,BEaM,turbellaria,,,turbellaria,10,10/12/2016,531,18.75,1.15
nf_animas,abv_burrow_cr,NFAaBU,turbellaria,,,turbellaria,9,10/7/2016,532,37.5,1.15
wf_animas,abv_placer_gulch,WFAaPL,turbellaria,,,turbellaria,1,10/10/2016,40,100,1.15
wf_animas,abv_animas,WFAaA,turbellaria,,,turbellaria,1,10/7/2016,12,100,1.15
picayne_gulch,abv_animas,PICaA,turbellaria,,,turbellaria,1,10/5/2016,557,7.815,1.15
sf_animas,abv_avalanche,SFAaAV,turbellaria,,,turbellaria,1,10/8/2016,673,12.5,1.15
sf_animas,abv_eureka_gulch,SFAaEU,turbellaria,,,turbellaria,2,10/8/2016,501,75,1.15
eureka_gulch,abv_sf_animas,EUaSFA,turbellaria,,,turbellaria,34,10/6/2016,547,88,1.15
sf_animas,abv_animas,SFAaA,turbellaria,,,turbellaria,8,10/6/2016,539,37.5,1.15
animas,abv_minnie,AaMINN,turbellaria,,,turbellaria,2,10/11/2016,503,87.5,1.15
maggie_gulch,abv_animas,MAGaA,turbellaria,,,turbellaria,7,10/4/2016,747,6.25,1.15
picayne_gulch,abv_animas,,turbellaria,,,turbellaria,12,10/4/2016,602,12.5,1.15
animas,abv_arrastra_cr,AaARR,turbellaria,,,turbellaria,4,10/2/2016,507,25,1.15
mineral_cr,abv_mill_cr,MaMIL,insecta,diptera,chironomidae,tvetenia_bavarica,1,10/17/2016,397,100,1.15
mill_cr,abv_mineral_cr,MILaM,insecta,diptera,chironomidae,tvetenia_bavarica,3,10/17/2016,790,6.25,1.15
mineral_cr,abv_sf_mineral,MaSFM,insecta,diptera,chironomidae,tvetenia_bavarica,1,10/13/2016,90,100,1.15
bear_cr,abv_mineral_cr,BEaM,insecta,diptera,chironomidae,tvetenia_bavarica,12,10/12/2016,531,18.75,1.15
sf_animas,abv_avalanche,SFAaAV,insecta,diptera,chironomidae,tvetenia_bavarica,2,10/8/2016,673,12.5,1.15
maggie_gulch,aa,MAGaA,insecta,diptera,chironomidae,tvetenia_bavarica,1,10/4/2016,747,6.25,1.15
hermosa_cr,abv_ditch,HERaD,insecta,diptera,chironomidae,virgatanytarsus,1,9/30/2016,557,31.5,1.15
hermosa_cr,abv_ditch,HERaD,insecta,coleoptera,elmidae,zaitzevia,31,9/30/2016,557,31.5,1.15
mill_cr,abv_mineral_cr,MILaM,insecta,plecoptera,nemouridae,zapada,21,10/17/2016,790,6.25,1.15
mineral_cr,abv_browns_gulch,,insecta,plecoptera,nemouridae,zapada,76,10/17/2016,576,18.75,1.15
mineral_cr,abv_mf_mineral,MaMFM,insecta,plecoptera,nemouridae,zapada,67,10/14/2016,120,100,1.15
mf_mineral_cr,abv_mineral_cr,MFMaM,insecta,plecoptera,nemouridae,zapada,2,10/14/2016,47,100,1.15
mineral_cr,abv_sf_mineral,MaSFM,insecta,plecoptera,nemouridae,zapada,20,10/13/2016,90,100,1.15
sf_mineral_cr,blw_cg_blw_clear_lake_cr,,insecta,plecoptera,nemouridae,zapada,93,10/13/2016,285,100,1.15
sf_mineral_cr,abv_mineral_cr,SFMaM,insecta,plecoptera,nemouridae,zapada,159,10/13/2016,510,100,1.15
bear_cr,abv_mineral_cr,BEaM,insecta,plecoptera,nemouridae,zapada,95,10/12/2016,531,18.75,1.15
mineral_cr,abv_animas,MaA,insecta,plecoptera,nemouridae,zapada,120,10/12/2016,180,100,1.15
nf_animas,abv_burrow_cr,NFAaBU,insecta,plecoptera,nemouridae,zapada,193,10/7/2016,532,37.5,1.15
nf_animas,abv_wf_animas,NFAaWFA,insecta,plecoptera,nemouridae,zapada,5,10/7/2016,12,100,1.15
wf_animas,abv_placer_gulch,WFAaPL,insecta,plecoptera,nemouridae,zapada,3,10/10/2016,40,100,1.15
placer_gulch,abv_wf_animas,PLaWFA,insecta,plecoptera,nemouridae,zapada,34,10/10/2016,35,100,1.15
wf_animas,abv_animas,WFAaA,insecta,plecoptera,nemouridae,zapada,4,10/7/2016,12,100,1.15
picayne_gulch,abv_animas,PICaA,insecta,plecoptera,nemouridae,zapada,77,10/5/2016,557,7.815,1.15
animas,abv_eureka,AaEU,insecta,plecoptera,nemouridae,zapada,87,10/11/2016,260,100,1.15
sf_animas,abv_avalanche,SFAaAV,insecta,plecoptera,nemouridae,zapada,93,10/8/2016,673,12.5,1.15
sf_animas,abv_eureka_gulch,SFAaEU,insecta,plecoptera,nemouridae,zapada,393,10/8/2016,501,75,1.15
eureka_gulch,abv_sf_animas,EUaSFA,insecta,plecoptera,nemouridae,zapada,112,10/6/2016,547,88,1.15
sf_animas,abv_animas,SFAaA,insecta,plecoptera,nemouridae,zapada,229,10/6/2016,539,37.5,1.15
animas,abv_minnie,AaMINN,insecta,plecoptera,nemouridae,zapada,145,10/11/2016,503,87.5,1.15
maggie_gulch,abv_animas,MAGaA,insecta,plecoptera,nemouridae,zapada,49,10/4/2016,747,6.25,1.15
animas,abv_cunningham,AaCU,insecta,plecoptera,nemouridae,zapada,14,10/4/2016,509,18.75,1.15
picayne_gulch,abv_animas,,insecta,plecoptera,nemouridae,zapada,55,10/4/2016,602,12.5,1.15
animas,abv_arrastra_cr,AaARR,insecta,plecoptera,nemouridae,zapada,50,10/2/2016,507,25,1.15
hermosa_cr,abv_ditch,HERaD,insecta,plecoptera,nemouridae,zapada,1,9/30/2016,557,31.5,1.15
